snapshot_date,keyword,provider,count_top_n,share_pct,best_rank,is_brand,total_results
2026-07-13,Agile Arbeitsmethoden,IU Akademie IU Internationale Hochschule,6,30.0,9,0,253
2026-07-13,Agile Arbeitsmethoden,A-Leecon GmbH,4,20.0,4,0,253
2026-07-13,Agile Arbeitsmethoden,Leecon TS GmbH,2,10.0,1,0,253
2026-07-13,Agile Arbeitsmethoden,OneCareer,2,10.0,5,0,253
2026-07-13,Agile Arbeitsmethoden,ecomex GmbH & Co. KG,1,5.0,2,1,253
2026-07-13,Agile Arbeitsmethoden,mycareernow,1,5.0,3,0,253
2026-07-13,Agile Arbeitsmethoden,Learnix GmbH,1,5.0,6,0,253
2026-07-13,Agile Arbeitsmethoden,MESH® ACADEMY,1,5.0,8,0,253
2026-07-13,Agile Arbeitsmethoden,Grimm Bildungszentrum - GBZ,1,5.0,16,0,253
2026-07-13,Agile Arbeitsmethoden,Digitale Leute School,1,5.0,17,0,253
2026-07-13,AI für Anfänger,New Horizons München - IT Computer und BusinessTraining Trainings,15,75.0,2,0,245
2026-07-13,AI für Anfänger,neuefische GmbH,3,15.0,1,0,245
2026-07-13,AI für Anfänger,brainymotion,1,5.0,4,0,245
2026-07-13,AI für Anfänger,OneCareer,1,5.0,10,0,245
2026-07-13,AI Marketing,neuefische GmbH,5,25.0,1,0,1027
2026-07-13,AI Marketing,Talentspring Academy Group,2,10.0,2,0,1027
2026-07-13,AI Marketing,Masters of Digital GmbH,2,10.0,8,0,1027
2026-07-13,AI Marketing,NH Schulungscenter für IT und Business GmbH,1,5.0,4,0,1027
2026-07-13,AI Marketing,New Horizons Nord / West,1,5.0,6,0,1027
2026-07-13,AI Marketing,New Horizons Hamburg / Bremen,1,5.0,7,0,1027
2026-07-13,AI Marketing,ImpaQt Education Group,1,5.0,9,0,1027
2026-07-13,AI Marketing,velpTEC GmbH,1,5.0,10,0,1027
2026-07-13,AI Marketing,New Horizons München - IT Computer und BusinessTraining Trainings,1,5.0,13,0,1027
2026-07-13,AI Marketing,A-Leecon GmbH,1,5.0,14,0,1027
2026-07-13,AI Marketing,GrandEdu GmbH,1,5.0,15,0,1027
2026-07-13,AI Marketing,New Horizons Hannover/Leipzig,1,5.0,18,0,1027
2026-07-13,AI Marketing,Agile Heroes GmbH,1,5.0,19,0,1027
2026-07-13,AI Marketing,Distart Education GmbH,1,5.0,20,0,1027
2026-07-13,AI Weiterbildung,neuefische GmbH,7,35.0,2,0,3669
2026-07-13,AI Weiterbildung,StackFuel GmbH,4,20.0,7,0,3669
2026-07-13,AI Weiterbildung,Smart Future Campus GmbH,2,10.0,6,0,3669
2026-07-13,AI Weiterbildung,WBK Akademie GmbH,2,10.0,18,0,3669
2026-07-13,AI Weiterbildung,Talentspring Academy Group,1,5.0,1,0,3669
2026-07-13,AI Weiterbildung,ImpaQt Education Group,1,5.0,3,0,3669
2026-07-13,AI Weiterbildung,Codeverge GmbH,1,5.0,11,0,3669
2026-07-13,AI Weiterbildung,Berger Bildungsinstitut GmbH,1,5.0,14,0,3669
2026-07-13,AI Weiterbildung,New Horizons München - IT Computer und BusinessTraining Trainings,1,5.0,17,0,3669
2026-07-13,AI-Kurs,New Horizons München - IT Computer und BusinessTraining Trainings,17,85.0,1,0,3199
2026-07-13,AI-Kurs,Smart Future Campus GmbH,1,5.0,5,0,3199
2026-07-13,AI-Kurs,neuefische GmbH,1,5.0,10,0,3199
2026-07-13,AI-Kurs,StackFuel GmbH,1,5.0,13,0,3199
2026-07-13,AI-Manager,neuefische GmbH,2,10.0,1,0,1494
2026-07-13,AI-Manager,Agile Heroes GmbH,2,10.0,3,0,1494
2026-07-13,AI-Manager,New Horizons München - IT Computer und BusinessTraining Trainings,2,10.0,6,0,1494
2026-07-13,AI-Manager,Karriere Tutor GmbH,2,10.0,7,0,1494
2026-07-13,AI-Manager,ImpaQt Education Group,2,10.0,17,0,1494
2026-07-13,AI-Manager,GrandEdu Media,1,5.0,5,0,1494
2026-07-13,AI-Manager,mycareernow,1,5.0,8,0,1494
2026-07-13,AI-Manager,GrandEdu GmbH,1,5.0,9,0,1494
2026-07-13,AI-Manager,New Horizons Nord / West,1,5.0,10,0,1494
2026-07-13,AI-Manager,New Horizons Köln - NH Schulungscenter für IT und Business GmbH,1,5.0,11,0,1494
2026-07-13,AI-Manager,New Horizons Hamburg / Bremen,1,5.0,13,0,1494
2026-07-13,AI-Manager,NH Schulungscenter für IT und Business GmbH,1,5.0,14,0,1494
2026-07-13,AI-Manager,New Horizons Hannover/Leipzig,1,5.0,15,0,1494
2026-07-13,AI-Manager,IQ Bremen GmbH Intelligente Qualifizierung,1,5.0,16,0,1494
2026-07-13,AI-Manager,A-Leecon GmbH,1,5.0,18,0,1494
2026-07-13,Bilder bearbeiten,New Horizons Nord,3,15.0,13,0,647
2026-07-13,Bilder bearbeiten,New Horizons Mitte,2,10.0,11,0,647
2026-07-13,Bilder bearbeiten,future Training & Consulting GmbH,2,10.0,17,0,647
2026-07-13,Bilder bearbeiten,WBS TRAINING SE,1,5.0,1,0,647
2026-07-13,Bilder bearbeiten,ecomex GmbH & Co. KG,1,5.0,2,1,647
2026-07-13,Bilder bearbeiten,Talentspring Academy Group,1,5.0,3,0,647
2026-07-13,Bilder bearbeiten,A-Leecon GmbH,1,5.0,4,0,647
2026-07-13,Bilder bearbeiten,Education partners GmbH,1,5.0,5,0,647
2026-07-13,Bilder bearbeiten,tecteam Bildungsinstitut für Technische Kommunikation GmbH,1,5.0,6,0,647
2026-07-13,Bilder bearbeiten,COMCAVE.COLLEGE GmbH,1,5.0,7,0,647
2026-07-13,Bilder bearbeiten,Technische Akademie Esslingen - TAE,1,5.0,8,0,647
2026-07-13,Bilder bearbeiten,AFP Akademie für Personalweiterbildung,1,5.0,9,0,647
2026-07-13,Bilder bearbeiten,FiGD Akademie für Medienentwicklung,1,5.0,10,0,647
2026-07-13,Bilder bearbeiten,New Horizons Hannover/Leipzig,1,5.0,12,0,647
2026-07-13,Bilder bearbeiten,Akademie Überlingen,1,5.0,15,0,647
2026-07-13,Bilder bearbeiten,New Horizons Akademie,1,5.0,20,0,647
2026-07-13,Canva,Forward Education GmbH,2,10.0,4,0,577
2026-07-13,Canva,IBB Institut für Berufliche Bildung AG,2,10.0,11,0,577
2026-07-13,Canva,Masters of Digital GmbH,1,5.0,1,0,577
2026-07-13,Canva,future Training & Consulting GmbH,1,5.0,2,0,577
2026-07-13,Canva,ecomex GmbH & Co. KG,1,5.0,3,1,577
2026-07-13,Canva,Learnix GmbH,1,5.0,5,0,577
2026-07-13,Canva,formful education GmbH,1,5.0,7,0,577
2026-07-13,Canva,FiGD Akademie für Medienentwicklung,1,5.0,8,0,577
2026-07-13,Canva,VHS Unterland,1,5.0,9,0,577
2026-07-13,Canva,AFZ Aus- und Fortbildungszentrum Rostock GmbH,1,5.0,10,0,577
2026-07-13,Canva,Digiteach GmbH,1,5.0,12,0,577
2026-07-13,Canva,Fortbildungsakademie der Wirtschaft (FAW) gGmbH,1,5.0,13,0,577
2026-07-13,Canva,Lecturio GmbH,1,5.0,14,0,577
2026-07-13,Canva,Lernstudio Barbarossa/MegaKids Fortbildungs GmbH,1,5.0,15,0,577
2026-07-13,Canva,Berufliche Fortbildungszentren der Bayerischen Wirtschaft (bfz) gGmbH,1,5.0,16,0,577
2026-07-13,Canva,Donner + Partner GmbH Baden-Württemberg,1,5.0,17,0,577
2026-07-13,Canva,Ihr JobCoach. Gesellschaft für Erwachsenenbildung mbH,1,5.0,18,0,577
2026-07-13,Canva,Technologiezentrum Glehn GmbH,1,5.0,19,0,577
2026-07-13,Canva Lernen,ecomex GmbH & Co. KG,2,10.0,2,1,306
2026-07-13,Canva Lernen,Learnix GmbH,2,10.0,3,0,306
2026-07-13,Canva Lernen,Berger Bildungsinstitut GmbH,2,10.0,7,0,306
2026-07-13,Canva Lernen,Lecturio GmbH,2,10.0,8,0,306
2026-07-13,Canva Lernen,IBB Institut für Berufliche Bildung AG,2,10.0,9,0,306
2026-07-13,Canva Lernen,Bildungswerk der Hessischen Wirtschaft e. V.,2,10.0,14,0,306
2026-07-13,Canva Lernen,future Training & Consulting GmbH,1,5.0,1,0,306
2026-07-13,Canva Lernen,FiGD Akademie für Medienentwicklung,1,5.0,4,0,306
2026-07-13,Canva Lernen,VHS Unterland,1,5.0,5,0,306
2026-07-13,Canva Lernen,AFZ Aus- und Fortbildungszentrum Rostock GmbH,1,5.0,6,0,306
2026-07-13,Canva Lernen,Ihr JobCoach. Gesellschaft für Erwachsenenbildung mbH,1,5.0,10,0,306
2026-07-13,Canva Lernen,WBS TRAINING SE,1,5.0,12,0,306
2026-07-13,Canva Lernen,GfM GmbH & Co. KG,1,5.0,13,0,306
2026-07-13,Canva Lernen,Bildungswerk der nordhessischen Wirtschaft gemeinnützige GmbH,1,5.0,15,0,306
2026-07-13,Claude,Talentspring Academy Group,10,50.0,1,0,643
2026-07-13,Claude,Digitale Leute School,4,20.0,4,0,643
2026-07-13,Claude,ImpaQt Education Group,4,20.0,5,0,643
2026-07-13,Claude,HECKER CONSULTING,1,5.0,18,0,643
2026-07-13,Claude,Education partners GmbH,1,5.0,20,0,643
2026-07-13,Content Creation mit KI,COMCAVE.COLLEGE GmbH,8,40.0,1,0,387
2026-07-13,Content Creation mit KI,future Training & Consulting GmbH,2,10.0,8,0,387
2026-07-13,Content Creation mit KI,cimdata Bildungsakademie GmbH,1,5.0,3,0,387
2026-07-13,Content Creation mit KI,Masters of Digital GmbH,1,5.0,5,0,387
2026-07-13,Content Creation mit KI,Learning Digital Academy GmbH,1,5.0,9,0,387
2026-07-13,Content Creation mit KI,mycareernow,1,5.0,10,0,387
2026-07-13,Content Creation mit KI,Bildung Next Level GmbH,1,5.0,11,0,387
2026-07-13,Content Creation mit KI,Business Trends Academy,1,5.0,15,0,387
2026-07-13,Content Creation mit KI,DFW Akademie,1,5.0,16,0,387
2026-07-13,Content Creation mit KI,WBS TRAINING SE,1,5.0,17,0,387
2026-07-13,Content Creation mit KI,ifmera academy GmbH,1,5.0,19,0,387
2026-07-13,Content Creation mit KI,ecomex GmbH & Co. KG,1,5.0,20,1,387
2026-07-13,Content Creator Kurs,Distart Education GmbH,3,15.0,3,0,351
2026-07-13,Content Creator Kurs,ecomex GmbH & Co. KG,1,5.0,1,1,351
2026-07-13,Content Creator Kurs,cimdata Bildungsakademie GmbH,1,5.0,2,0,351
2026-07-13,Content Creator Kurs,Berger Bildungsinstitut GmbH,1,5.0,4,0,351
2026-07-13,Content Creator Kurs,Lernstudio Barbarossa/MegaKids Fortbildungs GmbH,1,5.0,6,0,351
2026-07-13,Content Creator Kurs,Wirtschaftsakademie Küster GmbH,1,5.0,7,0,351
2026-07-13,Content Creator Kurs,its digital akademie GmbH,1,5.0,8,0,351
2026-07-13,Content Creator Kurs,Fortbildungsakademie der Wirtschaft (FAW) gGmbH,1,5.0,9,0,351
2026-07-13,Content Creator Kurs,Bildungswerk der Hessischen Wirtschaft e. V.,1,5.0,10,0,351
2026-07-13,Content Creator Kurs,Volkshochschule Reutlingen GmbH,1,5.0,11,0,351
2026-07-13,Content Creator Kurs,isb Institut für Schulung und Beruf,1,5.0,13,0,351
2026-07-13,Content Creator Kurs,Donner + Partner GmbH Baden-Württemberg,1,5.0,14,0,351
2026-07-13,Content Creator Kurs,Berufliche Fortbildungszentren der Bayerischen Wirtschaft (bfz) gGmbH,1,5.0,15,0,351
2026-07-13,Content Creator Kurs,Randstad Deutschland GmbH & Co. KG,1,5.0,16,0,351
2026-07-13,Content Creator Kurs,TERTIA Berufsförderung GmbH & Co. KG,1,5.0,17,0,351
2026-07-13,Content Creator Kurs,Do IT Digital GmbH,1,5.0,18,0,351
2026-07-13,Content Creator Kurs,TFA-Akademie GmbH,1,5.0,19,0,351
2026-07-13,Content Creator Kurs,TÜV Rheinland Akademie GmbH,1,5.0,20,0,351
2026-07-13,Content Creator Weiterbildung,Distart Education GmbH,7,35.0,3,0,183
2026-07-13,Content Creator Weiterbildung,Masters of Digital GmbH,7,35.0,5,0,183
2026-07-13,Content Creator Weiterbildung,velpTEC GmbH,2,10.0,2,0,183
2026-07-13,Content Creator Weiterbildung,cimdata Bildungsakademie GmbH,1,5.0,1,0,183
2026-07-13,Content Creator Weiterbildung,Wildner Akademie für Digitale Wirtschaft & Management,1,5.0,6,0,183
2026-07-13,Content Creator Weiterbildung,KISA AKADEMIE GmbH,1,5.0,7,0,183
2026-07-13,Content Creator Weiterbildung,ecomex GmbH & Co. KG,1,5.0,18,1,183
2026-07-13,Content Marketing,velpTEC GmbH,5,25.0,2,0,4720
2026-07-13,Content Marketing,alfatraining Bildungszentrum GmbH,2,10.0,6,0,4720
2026-07-13,Content Marketing,Business Trends Academy,1,5.0,1,0,4720
2026-07-13,Content Marketing,GFN GmbH,1,5.0,4,0,4720
2026-07-13,Content Marketing,Akademie Überlingen,1,5.0,5,0,4720
2026-07-13,Content Marketing,Bold Academy GmbH,1,5.0,8,0,4720
2026-07-13,Content Marketing,DAA - Deutsche Angestellten- Akademie gGmbH,1,5.0,9,0,4720
2026-07-13,Content Marketing,IU Akademie IU Internationale Hochschule,1,5.0,10,0,4720
2026-07-13,Content Marketing,ecomex GmbH & Co. KG,1,5.0,12,1,4720
2026-07-13,Content Marketing,OneCareer,1,5.0,14,0,4720
2026-07-13,Content Marketing,neuefische GmbH,1,5.0,15,0,4720
2026-07-13,Content Marketing,Distart Education GmbH,1,5.0,16,0,4720
2026-07-13,Content Marketing,Karriere Tutor GmbH,1,5.0,18,0,4720
2026-07-13,Content Marketing,Talentspring Academy Group,1,5.0,19,0,4720
2026-07-13,Content Marketing,Masters of Digital GmbH,1,5.0,20,0,4720
2026-07-13,Content Marketing Kurs,Distart Education GmbH,4,20.0,8,0,2671
2026-07-13,Content Marketing Kurs,New Horizons München - IT Computer und BusinessTraining Trainings,3,15.0,2,0,2671
2026-07-13,Content Marketing Kurs,OneCareer,3,15.0,13,0,2671
2026-07-13,Content Marketing Kurs,ecomex GmbH & Co. KG,2,10.0,1,1,2671
2026-07-13,Content Marketing Kurs,Learnix GmbH,2,10.0,5,0,2671
2026-07-13,Content Marketing Kurs,Business Trends Academy,1,5.0,7,0,2671
2026-07-13,Content Marketing Kurs,GrandEdu GmbH,1,5.0,9,0,2671
2026-07-13,Content Marketing Kurs,alfatraining Bildungszentrum GmbH,1,5.0,10,0,2671
2026-07-13,Content Marketing Kurs,GFN GmbH,1,5.0,15,0,2671
2026-07-13,Content Marketing Kurs,Masters of Digital GmbH,1,5.0,18,0,2671
2026-07-13,Content Marketing Kurs,neuefische GmbH,1,5.0,20,0,2671
2026-07-13,Content Marketing Manager,alfatraining Bildungszentrum GmbH,5,25.0,4,0,1603
2026-07-13,Content Marketing Manager,Karriere Tutor GmbH,4,20.0,5,0,1603
2026-07-13,Content Marketing Manager,Talentspring Academy Group,3,15.0,7,0,1603
2026-07-13,Content Marketing Manager,OneCareer,2,10.0,12,0,1603
2026-07-13,Content Marketing Manager,GFN GmbH,1,5.0,1,0,1603
2026-07-13,Content Marketing Manager,Akademie Überlingen,1,5.0,2,0,1603
2026-07-13,Content Marketing Manager,Learning Digital Academy GmbH,1,5.0,3,0,1603
2026-07-13,Content Marketing Manager,cimdata Bildungsakademie GmbH,1,5.0,6,0,1603
2026-07-13,Content Marketing Manager,Learnix GmbH,1,5.0,13,0,1603
2026-07-13,Content Marketing Manager,Digiteach GmbH,1,5.0,19,0,1603
2026-07-13,Content Marketing Weiterbildung,velpTEC GmbH,5,25.0,8,0,3222
2026-07-13,Content Marketing Weiterbildung,OMR Education GmbH,2,10.0,1,0,3222
2026-07-13,Content Marketing Weiterbildung,Masters of Digital GmbH,2,10.0,2,0,3222
2026-07-13,Content Marketing Weiterbildung,WBK Akademie GmbH,2,10.0,4,0,3222
2026-07-13,Content Marketing Weiterbildung,IU Akademie IU Internationale Hochschule,2,10.0,10,0,3222
2026-07-13,Content Marketing Weiterbildung,neuefische GmbH,2,10.0,13,0,3222
2026-07-13,Content Marketing Weiterbildung,Webmasters Akademie Nürnberg GmbH,1,5.0,3,0,3222
2026-07-13,Content Marketing Weiterbildung,Business Trends Academy,1,5.0,6,0,3222
2026-07-13,Content Marketing Weiterbildung,GFN GmbH,1,5.0,12,0,3222
2026-07-13,Content Marketing Weiterbildung,Bold Academy GmbH,1,5.0,14,0,3222
2026-07-13,Content Marketing Weiterbildung,Learnix GmbH,1,5.0,16,0,3222
2026-07-13,Contenterstellung mit KI,A-Leecon GmbH,19,95.0,1,0,82
2026-07-13,Contenterstellung mit KI,SMD Performance Media,1,5.0,19,0,82
2026-07-13,DaVinci Resolve,velpTEC GmbH,7,35.0,7,0,35
2026-07-13,DaVinci Resolve,cimdata Bildungsakademie GmbH,6,30.0,3,0,35
2026-07-13,DaVinci Resolve,Distart Education GmbH,2,10.0,2,0,35
2026-07-13,DaVinci Resolve,Schnitt-Akademie Berlin,2,10.0,5,0,35
2026-07-13,DaVinci Resolve,future Training & Consulting GmbH,1,5.0,1,0,35
2026-07-13,DaVinci Resolve,KISA AKADEMIE GmbH,1,5.0,6,0,35
2026-07-13,DaVinci Resolve,ecomex GmbH & Co. KG,1,5.0,20,1,35
2026-07-13,Design Thinking,Learning Digital Academy GmbH,9,45.0,1,0,1661
2026-07-13,Design Thinking,alfatraining Bildungszentrum GmbH,2,10.0,2,0,1661
2026-07-13,Design Thinking,Karriere Tutor GmbH,2,10.0,7,0,1661
2026-07-13,Design Thinking,OneCareer,2,10.0,10,0,1661
2026-07-13,Design Thinking,A-Leecon GmbH,1,5.0,6,0,1661
2026-07-13,Design Thinking,Masters of Digital GmbH,1,5.0,12,0,1661
2026-07-13,Design Thinking,ifmera academy GmbH,1,5.0,16,0,1661
2026-07-13,Design Thinking,"Hochschule Pforzheim - Gestaltung, Technik, Wirtschaft und Recht",1,5.0,18,0,1661
2026-07-13,Design Thinking,brainymotion München,1,5.0,20,0,1661
2026-07-13,Design Thinking und Agile Methoden,Dacte,5,25.0,5,0,767
2026-07-13,Design Thinking und Agile Methoden,Leecon TS GmbH,5,25.0,7,0,767
2026-07-13,Design Thinking und Agile Methoden,Forward Education GmbH,2,10.0,1,0,767
2026-07-13,Design Thinking und Agile Methoden,A-Leecon GmbH,2,10.0,4,0,767
2026-07-13,Design Thinking und Agile Methoden,Digitale Leute School,2,10.0,6,0,767
2026-07-13,Design Thinking und Agile Methoden,mycareernow,1,5.0,2,0,767
2026-07-13,Design Thinking und Agile Methoden,ecomex GmbH & Co. KG,1,5.0,3,1,767
2026-07-13,Design Thinking und Agile Methoden,Learning Digital Academy GmbH,1,5.0,17,0,767
2026-07-13,Design Thinking und Agile Methoden,Alphadi Akademie,1,5.0,19,0,767
2026-07-13,Digital Marketing,Berger Bildungsinstitut GmbH,2,10.0,1,0,6689
2026-07-13,Digital Marketing,alfatraining Bildungszentrum GmbH,2,10.0,6,0,6689
2026-07-13,Digital Marketing,OneCareer,2,10.0,11,0,6689
2026-07-13,Digital Marketing,Learning Digital Academy GmbH,1,5.0,2,0,6689
2026-07-13,Digital Marketing,GFN GmbH,1,5.0,3,0,6689
2026-07-13,Digital Marketing,Lernstudio Barbarossa/MegaKids Fortbildungs GmbH,1,5.0,4,0,6689
2026-07-13,Digital Marketing,Lecturio GmbH,1,5.0,5,0,6689
2026-07-13,Digital Marketing,IBB Institut für Berufliche Bildung AG,1,5.0,7,0,6689
2026-07-13,Digital Marketing,TFA-Akademie GmbH,1,5.0,9,0,6689
2026-07-13,Digital Marketing,ABK Akademie für Beruf und Karriere GmbH,1,5.0,10,0,6689
2026-07-13,Digital Marketing,Fortbildungsakademie der Wirtschaft (FAW) gGmbH,1,5.0,12,0,6689
2026-07-13,Digital Marketing,TERTIA Berufsförderung GmbH & Co. KG,1,5.0,13,0,6689
2026-07-13,Digital Marketing,TÜV Rheinland Akademie GmbH,1,5.0,14,0,6689
2026-07-13,Digital Marketing,Do IT Digital GmbH,1,5.0,15,0,6689
2026-07-13,Digital Marketing,TEACH GmbH & Co. KG,1,5.0,17,0,6689
2026-07-13,Digital Marketing,New Horizons Nord,1,5.0,18,0,6689
2026-07-13,Digital Marketing,Berufliche Fortbildungszentren der Bayerischen Wirtschaft (bfz) gGmbH,1,5.0,20,0,6689
2026-07-13,Digital Marketing Analyst,CROAS Education GmbH,4,20.0,5,0,240
2026-07-13,Digital Marketing Analyst,Karriere Tutor GmbH,3,15.0,6,0,240
2026-07-13,Digital Marketing Analyst,Talentspring Academy Group,3,15.0,10,0,240
2026-07-13,Digital Marketing Analyst,GFN GmbH,2,10.0,3,0,240
2026-07-13,Digital Marketing Analyst,Habmann AufstiegsAkademie,2,10.0,9,0,240
2026-07-13,Digital Marketing Analyst,Ironhack Germany GmbH,1,5.0,1,0,240
2026-07-13,Digital Marketing Analyst,Masters of Digital GmbH,1,5.0,2,0,240
2026-07-13,Digital Marketing Analyst,OneCareer,1,5.0,4,0,240
2026-07-13,Digital Marketing Analyst,StackFuel GmbH,1,5.0,7,0,240
2026-07-13,Digital Marketing Analyst,Distart Education GmbH,1,5.0,11,0,240
2026-07-13,Digital Marketing Analyst,Mentify Learn GmbH,1,5.0,17,0,240
2026-07-13,Digital Marketing Kurs,OneCareer,7,35.0,7,0,3913
2026-07-13,Digital Marketing Kurs,Talentspring Academy Group,2,10.0,1,0,3913
2026-07-13,Digital Marketing Kurs,Berger Bildungsinstitut GmbH,2,10.0,6,0,3913
2026-07-13,Digital Marketing Kurs,alfatraining Bildungszentrum GmbH,2,10.0,10,0,3913
2026-07-13,Digital Marketing Kurs,Masters of Digital GmbH,1,5.0,2,0,3913
2026-07-13,Digital Marketing Kurs,New Horizons München - IT Computer und BusinessTraining Trainings,1,5.0,3,0,3913
2026-07-13,Digital Marketing Kurs,Learnix GmbH,1,5.0,4,0,3913
2026-07-13,Digital Marketing Kurs,ecomex GmbH & Co. KG,1,5.0,5,1,3913
2026-07-13,Digital Marketing Kurs,GFN GmbH,1,5.0,12,0,3913
2026-07-13,Digital Marketing Kurs,Learning Digital Academy GmbH,1,5.0,15,0,3913
2026-07-13,Digital Marketing Kurs,Distart Education GmbH,1,5.0,20,0,3913
2026-07-13,Digital Marketing Manager,OneCareer,5,25.0,1,0,1963
2026-07-13,Digital Marketing Manager,Talentspring Academy Group,4,20.0,2,0,1963
2026-07-13,Digital Marketing Manager,alfatraining Bildungszentrum GmbH,3,15.0,6,0,1963
2026-07-13,Digital Marketing Manager,neuefische GmbH,1,5.0,3,0,1963
2026-07-13,Digital Marketing Manager,Digethic Business School,1,5.0,4,0,1963
2026-07-13,Digital Marketing Manager,GFN GmbH,1,5.0,5,0,1963
2026-07-13,Digital Marketing Manager,Learning Digital Academy GmbH,1,5.0,10,0,1963
2026-07-13,Digital Marketing Manager,Studieninstitut für Kommunikation GmbH,1,5.0,11,0,1963
2026-07-13,Digital Marketing Manager,Karriere Tutor GmbH,1,5.0,14,0,1963
2026-07-13,Digital Marketing Manager,Berger Bildungsinstitut GmbH,1,5.0,16,0,1963
2026-07-13,Digital Marketing Manager,Masters of Digital GmbH,1,5.0,18,0,1963
2026-07-13,Digitale Werbung,OneCareer,5,25.0,1,0,1846
2026-07-13,Digitale Werbung,Talentspring Academy Group,4,20.0,9,0,1846
2026-07-13,Digitale Werbung,Masters of Digital GmbH,2,10.0,2,0,1846
2026-07-13,Digitale Werbung,neuefische GmbH,2,10.0,6,0,1846
2026-07-13,Digitale Werbung,Karriere Tutor GmbH,2,10.0,12,0,1846
2026-07-13,Digitale Werbung,WBS TRAINING SE,2,10.0,16,0,1846
2026-07-13,Digitale Werbung,GFN GmbH,1,5.0,3,0,1846
2026-07-13,Digitale Werbung,Wildner Akademie für Digitale Wirtschaft & Management,1,5.0,8,0,1846
2026-07-13,Digitale Werbung,alfatraining Bildungszentrum GmbH,1,5.0,17,0,1846
2026-07-13,Direktmarketing,GrandEdu GmbH,6,30.0,5,0,73
2026-07-13,Direktmarketing,Talentspring Academy Group,6,30.0,10,0,73
2026-07-13,Direktmarketing,Masters of Digital GmbH,2,10.0,14,0,73
2026-07-13,Direktmarketing,DAA - Deutsche Angestellten- Akademie gGmbH,1,5.0,1,0,73
2026-07-13,Direktmarketing,ifmera academy GmbH,1,5.0,2,0,73
2026-07-13,Direktmarketing,Education partners GmbH,1,5.0,3,0,73
2026-07-13,Direktmarketing,OneCareer,1,5.0,4,0,73
2026-07-13,Direktmarketing,ecomex GmbH & Co. KG,1,5.0,9,1,73
2026-07-13,Direktmarketing,DeLSt GmbH Deutsches eLearning Studieninstitut,1,5.0,12,0,73
2026-07-13,E-Commerce,OneCareer,4,20.0,3,0,2189
2026-07-13,E-Commerce,GFN GmbH,3,15.0,4,0,2189
2026-07-13,E-Commerce,Karriere Tutor GmbH,2,10.0,1,0,2189
2026-07-13,E-Commerce,Masters of Digital GmbH,2,10.0,5,0,2189
2026-07-13,E-Commerce,IU Akademie IU Internationale Hochschule,2,10.0,13,0,2189
2026-07-13,E-Commerce,alfatraining Bildungszentrum GmbH,1,5.0,2,0,2189
2026-07-13,E-Commerce,Talentspring Academy Group,1,5.0,6,0,2189
2026-07-13,E-Commerce,Mentify Learn GmbH,1,5.0,7,0,2189
2026-07-13,E-Commerce,Akademie Überlingen,1,5.0,10,0,2189
2026-07-13,E-Commerce,Kurspuls,1,5.0,11,0,2189
2026-07-13,E-Commerce,ecomex GmbH & Co. KG,1,5.0,14,1,2189
2026-07-13,E-Commerce,Education partners GmbH,1,5.0,19,0,2189
2026-07-13,E-Commerce Manager,Karriere Tutor GmbH,4,20.0,2,0,750
2026-07-13,E-Commerce Manager,GFN GmbH,2,10.0,1,0,750
2026-07-13,E-Commerce Manager,Talentspring Academy Group,2,10.0,6,0,750
2026-07-13,E-Commerce Manager,OneCareer,2,10.0,7,0,750
2026-07-13,E-Commerce Manager,ecomex GmbH & Co. KG,1,5.0,3,1,750
2026-07-13,E-Commerce Manager,Learnix GmbH,1,5.0,9,0,750
2026-07-13,E-Commerce Manager,SGD,1,5.0,10,0,750
2026-07-13,E-Commerce Manager,ILS - Institut für Lernsysteme GmbH,1,5.0,11,0,750
2026-07-13,E-Commerce Manager,Digiteach GmbH,1,5.0,13,0,750
2026-07-13,E-Commerce Manager,academy7,1,5.0,14,0,750
2026-07-13,E-Commerce Manager,Akademie Überlingen,1,5.0,15,0,750
2026-07-13,E-Commerce Manager,IHK-Akademie Ostwestfalen GmbH,1,5.0,16,0,750
2026-07-13,E-Commerce Manager,AKAD Hochschule Stuttgart - staatlich anerkannt,1,5.0,17,0,750
2026-07-13,E-Commerce Manager,SMD Performance Media,1,5.0,18,0,750
2026-07-13,E-Commerce Marketing,Learning Digital Academy GmbH,6,30.0,5,0,1521
2026-07-13,E-Commerce Marketing,Mentify Learn GmbH,2,10.0,2,0,1521
2026-07-13,E-Commerce Marketing,Masters of Digital GmbH,2,10.0,3,0,1521
2026-07-13,E-Commerce Marketing,OneCareer,2,10.0,12,0,1521
2026-07-13,E-Commerce Marketing,GFN GmbH,1,5.0,1,0,1521
2026-07-13,E-Commerce Marketing,Akademie Überlingen,1,5.0,4,0,1521
2026-07-13,E-Commerce Marketing,Wildner Akademie für Digitale Wirtschaft & Management,1,5.0,8,0,1521
2026-07-13,E-Commerce Marketing,IU Akademie IU Internationale Hochschule,1,5.0,11,0,1521
2026-07-13,E-Commerce Marketing,Karriere Tutor GmbH,1,5.0,16,0,1521
2026-07-13,E-Commerce Marketing,CROAS Education GmbH,1,5.0,17,0,1521
2026-07-13,E-Commerce Marketing,Learnix GmbH,1,5.0,18,0,1521
2026-07-13,E-Commerce Marketing,ecomex GmbH & Co. KG,1,5.0,20,1,1521
2026-07-13,E-Commerce Weiterbildung,ecomex GmbH & Co. KG,1,5.0,1,1,1405
2026-07-13,E-Commerce Weiterbildung,WBS TRAINING SE,1,5.0,2,0,1405
2026-07-13,E-Commerce Weiterbildung,Bildungswerk der nordhessischen Wirtschaft gemeinnützige GmbH,1,5.0,3,0,1405
2026-07-13,E-Commerce Weiterbildung,SWA Bildungsakademie GmbH,1,5.0,4,0,1405
2026-07-13,E-Commerce Weiterbildung,Berufliche Fortbildungszentren der Bayerischen Wirtschaft (bfz) gGmbH,1,5.0,5,0,1405
2026-07-13,E-Commerce Weiterbildung,Fortbildungsakademie der Wirtschaft (FAW) gGmbH,1,5.0,6,0,1405
2026-07-13,E-Commerce Weiterbildung,IBB Institut für Berufliche Bildung AG,1,5.0,7,0,1405
2026-07-13,E-Commerce Weiterbildung,Donner + Partner GmbH Baden-Württemberg,1,5.0,8,0,1405
2026-07-13,E-Commerce Weiterbildung,Stiftung Lernen-Fördern-Arbeiten (LFA),1,5.0,9,0,1405
2026-07-13,E-Commerce Weiterbildung,TÜV Rheinland Akademie GmbH,1,5.0,10,0,1405
2026-07-13,E-Commerce Weiterbildung,Lecturio GmbH,1,5.0,11,0,1405
2026-07-13,E-Commerce Weiterbildung,Berger Bildungsinstitut GmbH,1,5.0,12,0,1405
2026-07-13,E-Commerce Weiterbildung,Bildungswerk der Hessischen Wirtschaft e. V.,1,5.0,13,0,1405
2026-07-13,E-Commerce Weiterbildung,BVH Gesellschaft für angewandte Bildung und Sozialforschung mbH,1,5.0,14,0,1405
2026-07-13,E-Commerce Weiterbildung,Do IT Digital GmbH,1,5.0,15,0,1405
2026-07-13,E-Commerce Weiterbildung,NH Schulungscenter für IT und Business GmbH,1,5.0,16,0,1405
2026-07-13,E-Commerce Weiterbildung,IFP Gesellschaft für Fortbildung und Personalentwicklung mbH,1,5.0,17,0,1405
2026-07-13,E-Commerce Weiterbildung,Akademie Handel e.V.,1,5.0,18,0,1405
2026-07-13,E-Commerce Weiterbildung,IEC - International Education Centers GmbH,1,5.0,19,0,1405
2026-07-13,E-Commerce Weiterbildung,TEACH GmbH & Co. KG,1,5.0,20,0,1405
2026-07-13,Einführung ins Prompt Engineering,Distart Education GmbH,14,70.0,3,0,874
2026-07-13,Einführung ins Prompt Engineering,Syntax GmbH für Aus- und Weiterbildung,1,5.0,1,0,874
2026-07-13,Einführung ins Prompt Engineering,bfw - Unternehmen für Bildung.,1,5.0,2,0,874
2026-07-13,Einführung ins Prompt Engineering,Learnix GmbH,1,5.0,4,0,874
2026-07-13,Einführung ins Prompt Engineering,formful education GmbH,1,5.0,12,0,874
2026-07-13,Einführung ins Prompt Engineering,CROAS Education GmbH,1,5.0,13,0,874
2026-07-13,Einführung ins Prompt Engineering,Hochschule Fresenius,1,5.0,17,0,874
2026-07-13,E-Mail Automatisierung mit KI,New Horizons München - IT Computer und BusinessTraining Trainings,6,30.0,3,0,388
2026-07-13,E-Mail Automatisierung mit KI,Learnix GmbH,2,10.0,1,0,388
2026-07-13,E-Mail Automatisierung mit KI,A-Leecon GmbH,2,10.0,2,0,388
2026-07-13,E-Mail Automatisierung mit KI,velpTEC GmbH,2,10.0,6,0,388
2026-07-13,E-Mail Automatisierung mit KI,neuefische GmbH,2,10.0,14,0,388
2026-07-13,E-Mail Automatisierung mit KI,mycareernow,2,10.0,16,0,388
2026-07-13,E-Mail Automatisierung mit KI,Itera Campus,1,5.0,4,0,388
2026-07-13,E-Mail Automatisierung mit KI,Mentify Learn GmbH,1,5.0,7,0,388
2026-07-13,E-Mail Automatisierung mit KI,Bold Academy GmbH,1,5.0,9,0,388
2026-07-13,E-Mail Automatisierung mit KI,OneCareer,1,5.0,13,0,388
2026-07-13,Email Marketing,DCI Digital Career Institute GmbH,8,40.0,5,0,185
2026-07-13,Email Marketing,Ironhack Germany GmbH,4,20.0,12,0,185
2026-07-13,Email Marketing,Lecturio GmbH,3,15.0,9,0,185
2026-07-13,Email Marketing,OneCareer,2,10.0,1,0,185
2026-07-13,Email Marketing,neuefische GmbH,2,10.0,2,0,185
2026-07-13,Email Marketing,Masters of Digital GmbH,1,5.0,19,0,185
2026-07-13,Facebook Advertising,Learning Digital Academy GmbH,4,20.0,11,0,272
2026-07-13,Facebook Advertising,Distart Education GmbH,3,15.0,2,0,272
2026-07-13,Facebook Advertising,OneCareer,3,15.0,6,0,272
2026-07-13,Facebook Advertising,Masters of Digital GmbH,2,10.0,1,0,272
2026-07-13,Facebook Advertising,OMR Education GmbH,2,10.0,4,0,272
2026-07-13,Facebook Advertising,SMD Performance Media,2,10.0,16,0,272
2026-07-13,Facebook Advertising,Talentspring Academy Group,1,5.0,7,0,272
2026-07-13,Facebook Advertising,COMCAVE.COLLEGE GmbH,1,5.0,14,0,272
2026-07-13,Facebook Advertising,ecomex GmbH & Co. KG,1,5.0,18,1,272
2026-07-13,Facebook Advertising,mycareernow,1,5.0,19,0,272
2026-07-13,Führungskräftetraining,Lecturio GmbH,9,45.0,2,0,26
2026-07-13,Führungskräftetraining,Studieninstitut für Kommunikation GmbH,4,20.0,3,0,26
2026-07-13,Führungskräftetraining,Kompetenztraining.de,2,10.0,4,0,26
2026-07-13,Führungskräftetraining,KnOot Academy,2,10.0,8,0,26
2026-07-13,Führungskräftetraining,ecomex GmbH & Co. KG,1,5.0,1,1,26
2026-07-13,Führungskräftetraining,Handwerkskammer Cottbus,1,5.0,6,0,26
2026-07-13,Führungskräftetraining,Dacte,1,5.0,19,0,26
2026-07-13,Google Ads,OneCareer,8,40.0,6,0,1160
2026-07-13,Google Ads,Masters of Digital GmbH,4,20.0,1,0,1160
2026-07-13,Google Ads,Learning Digital Academy GmbH,4,20.0,3,0,1160
2026-07-13,Google Ads,neuefische GmbH,2,10.0,5,0,1160
2026-07-13,Google Ads,velpTEC GmbH,1,5.0,11,0,1160
2026-07-13,Google Ads,future Training & Consulting GmbH,1,5.0,17,0,1160
2026-07-13,Grundlagen AI,Bold Academy GmbH,3,15.0,5,0,3526
2026-07-13,Grundlagen AI,Learnix GmbH,3,15.0,12,0,3526
2026-07-13,Grundlagen AI,neuefische GmbH,2,10.0,1,0,3526
2026-07-13,Grundlagen AI,Cybersteps GmbH,1,5.0,2,0,3526
2026-07-13,Grundlagen AI,New Horizons Akademie,1,5.0,3,0,3526
2026-07-13,Grundlagen AI,LearnWise Academy,1,5.0,4,0,3526
2026-07-13,Grundlagen AI,New Horizons Nord,1,5.0,6,0,3526
2026-07-13,Grundlagen AI,Talentspring Academy Group,1,5.0,7,0,3526
2026-07-13,Grundlagen AI,Distart Education GmbH,1,5.0,8,0,3526
2026-07-13,Grundlagen AI,CROAS Education GmbH,1,5.0,9,0,3526
2026-07-13,Grundlagen AI,formful education GmbH,1,5.0,10,0,3526
2026-07-13,Grundlagen AI,COMCAVE.COLLEGE GmbH,1,5.0,13,0,3526
2026-07-13,Grundlagen AI,Ironhack Germany GmbH,1,5.0,15,0,3526
2026-07-13,Grundlagen AI,MSIT Master School Institute of Technology,1,5.0,17,0,3526
2026-07-13,Grundlagen AI,New Horizons München - IT Computer und BusinessTraining Trainings,1,5.0,20,0,3526
2026-07-13,Grundlagen KI,A-Leecon GmbH,3,15.0,2,0,10000
2026-07-13,Grundlagen KI,OneCareer,3,15.0,7,0,10000
2026-07-13,Grundlagen KI,Syntax GmbH für Aus- und Weiterbildung,2,10.0,3,0,10000
2026-07-13,Grundlagen KI,COMCAVE.COLLEGE GmbH,2,10.0,8,0,10000
2026-07-13,Grundlagen KI,Learnix GmbH,2,10.0,11,0,10000
2026-07-13,Grundlagen KI,brainymotion,2,10.0,12,0,10000
2026-07-13,Grundlagen KI,GFN GmbH,1,5.0,1,0,10000
2026-07-13,Grundlagen KI,New Horizons Akademie,1,5.0,4,0,10000
2026-07-13,Grundlagen KI,New Horizons Nord,1,5.0,5,0,10000
2026-07-13,Grundlagen KI,Next Level Campus GmbH,1,5.0,14,0,10000
2026-07-13,Grundlagen KI,Distart Education GmbH,1,5.0,18,0,10000
2026-07-13,Grundlagen KI,MSIT Master School Institute of Technology,1,5.0,19,0,10000
2026-07-13,Inbound Marketing,Forward Education GmbH,6,30.0,3,0,128
2026-07-13,Inbound Marketing,Digiteach GmbH,3,15.0,6,0,128
2026-07-13,Inbound Marketing,ImpaQt Education Group,3,15.0,8,0,128
2026-07-13,Inbound Marketing,ecomex GmbH & Co. KG,2,10.0,5,1,128
2026-07-13,Inbound Marketing,Ironhack Germany GmbH,2,10.0,9,0,128
2026-07-13,Inbound Marketing,OneCareer,1,5.0,1,0,128
2026-07-13,Inbound Marketing,DAA - Deutsche Angestellten- Akademie gGmbH,1,5.0,2,0,128
2026-07-13,Inbound Marketing,DCI Digital Career Institute GmbH,1,5.0,14,0,128
2026-07-13,Inbound Marketing,HECKER CONSULTING,1,5.0,20,0,128
2026-07-13,Internet Marketing,velpTEC GmbH,8,40.0,2,0,317
2026-07-13,Internet Marketing,Talentspring Academy Group,5,25.0,10,0,317
2026-07-13,Internet Marketing,Karriere Tutor GmbH,4,20.0,11,0,317
2026-07-13,Internet Marketing,neuefische GmbH,1,5.0,1,0,317
2026-07-13,Internet Marketing,GFN GmbH,1,5.0,4,0,317
2026-07-13,Internet Marketing,Education partners GmbH,1,5.0,20,0,317
2026-07-13,Kampagnenerstellung mit KI,A-Leecon GmbH,18,90.0,1,0,92
2026-07-13,Kampagnenerstellung mit KI,SMD Performance Media,1,5.0,10,0,92
2026-07-13,Kampagnenerstellung mit KI,Learning Digital Academy GmbH,1,5.0,11,0,92
2026-07-13,KI Automatisierung,A-Leecon GmbH,4,20.0,3,0,6562
2026-07-13,KI Automatisierung,Smart Future Campus GmbH,3,15.0,2,0,6562
2026-07-13,KI Automatisierung,ImpaQt Education Group,2,10.0,6,0,6562
2026-07-13,KI Automatisierung,Syntax GmbH für Aus- und Weiterbildung,2,10.0,10,0,6562
2026-07-13,KI Automatisierung,mycareernow,2,10.0,11,0,6562
2026-07-13,KI Automatisierung,Learning Digital Academy GmbH,1,5.0,1,0,6562
2026-07-13,KI Automatisierung,WBS TRAINING SE,1,5.0,8,0,6562
2026-07-13,KI Automatisierung,Bold Academy GmbH,1,5.0,9,0,6562
2026-07-13,KI Automatisierung,OneCareer,1,5.0,17,0,6562
2026-07-13,KI Automatisierung,Masters of Digital GmbH,1,5.0,18,0,6562
2026-07-13,KI Automatisierung,Habmann AufstiegsAkademie,1,5.0,19,0,6562
2026-07-13,KI Automatisierung,velpTEC GmbH,1,5.0,20,0,6562
2026-07-13,KI Anwendung,Talentspring Academy Group,3,15.0,1,0,10000
2026-07-13,KI Anwendung,Smart Future Campus GmbH,3,15.0,3,0,10000
2026-07-13,KI Anwendung,Karriere Tutor GmbH,3,15.0,10,0,10000
2026-07-13,KI Anwendung,OneCareer,2,10.0,4,0,10000
2026-07-13,KI Anwendung,WBS TRAINING SE,2,10.0,6,0,10000
2026-07-13,KI Anwendung,A-Leecon GmbH,2,10.0,17,0,10000
2026-07-13,KI Anwendung,GFN GmbH,1,5.0,2,0,10000
2026-07-13,KI Anwendung,mycareernow,1,5.0,5,0,10000
2026-07-13,KI Anwendung,ecomex GmbH & Co. KG,1,5.0,9,1,10000
2026-07-13,KI Anwendung,Ironhack Germany GmbH,1,5.0,12,0,10000
2026-07-13,KI Anwendung,Syntax GmbH für Aus- und Weiterbildung,1,5.0,14,0,10000
2026-07-13,KI Coach,A-Leecon GmbH,9,45.0,2,0,2266
2026-07-13,KI Coach,brainymotion,5,25.0,7,0,2266
2026-07-13,KI Coach,ZukunftsWerk Akademie,2,10.0,5,0,2266
2026-07-13,KI Coach,Leecon TS GmbH,2,10.0,14,0,2266
2026-07-13,KI Coach,ecomex GmbH & Co. KG,1,5.0,1,1,2266
2026-07-13,KI Coach,Habmann AufstiegsAkademie,1,5.0,9,0,2266
2026-07-13,KI für E-Commerce,OneCareer,5,25.0,1,0,670
2026-07-13,KI für E-Commerce,Masters of Digital GmbH,2,10.0,2,0,670
2026-07-13,KI für E-Commerce,Karriere Tutor GmbH,2,10.0,5,0,670
2026-07-13,KI für E-Commerce,SMD Performance Media,2,10.0,8,0,670
2026-07-13,KI für E-Commerce,GrandEdu GmbH,2,10.0,10,0,670
2026-07-13,KI für E-Commerce,CROAS Education GmbH,2,10.0,16,0,670
2026-07-13,KI für E-Commerce,WBS TRAINING SE,1,5.0,3,0,670
2026-07-13,KI für E-Commerce,ecomex GmbH & Co. KG,1,5.0,7,1,670
2026-07-13,KI für E-Commerce,Itera Campus,1,5.0,14,0,670
2026-07-13,KI für E-Commerce,alfatraining Bildungszentrum GmbH,1,5.0,17,0,670
2026-07-13,KI für E-Commerce,velpTEC GmbH,1,5.0,20,0,670
2026-07-13,KI Grundlagen,A-Leecon GmbH,3,15.0,2,0,10000
2026-07-13,KI Grundlagen,OneCareer,3,15.0,7,0,10000
2026-07-13,KI Grundlagen,Syntax GmbH für Aus- und Weiterbildung,2,10.0,3,0,10000
2026-07-13,KI Grundlagen,COMCAVE.COLLEGE GmbH,2,10.0,8,0,10000
2026-07-13,KI Grundlagen,Learnix GmbH,2,10.0,11,0,10000
2026-07-13,KI Grundlagen,brainymotion,2,10.0,12,0,10000
2026-07-13,KI Grundlagen,GFN GmbH,1,5.0,1,0,10000
2026-07-13,KI Grundlagen,New Horizons Akademie,1,5.0,4,0,10000
2026-07-13,KI Grundlagen,New Horizons Nord,1,5.0,5,0,10000
2026-07-13,KI Grundlagen,Next Level Campus GmbH,1,5.0,14,0,10000
2026-07-13,KI Grundlagen,Distart Education GmbH,1,5.0,18,0,10000
2026-07-13,KI Grundlagen,MSIT Master School Institute of Technology,1,5.0,19,0,10000
2026-07-13,KI im Arbeitsalltag,A-Leecon GmbH,12,60.0,1,0,2458
2026-07-13,KI im Arbeitsalltag,Learning Digital Academy GmbH,2,10.0,13,0,2458
2026-07-13,KI im Arbeitsalltag,New Horizons München - IT Computer und BusinessTraining Trainings,2,10.0,16,0,2458
2026-07-13,KI im Arbeitsalltag,OneCareer,1,5.0,2,0,2458
2026-07-13,KI im Arbeitsalltag,COMCAVE.COLLEGE GmbH,1,5.0,4,0,2458
2026-07-13,KI im Arbeitsalltag,Learnix GmbH,1,5.0,19,0,2458
2026-07-13,KI im Arbeitsalltag,GrandEdu GmbH,1,5.0,20,0,2458
2026-07-13,KI im Büroalltag,New Horizons Nord,1,5.0,1,0,277
2026-07-13,KI im Büroalltag,New Horizons Akademie,1,5.0,2,0,277
2026-07-13,KI im Büroalltag,Akademie Überlingen,1,5.0,3,0,277
2026-07-13,KI im Büroalltag,Textakademie GmbH,1,5.0,4,0,277
2026-07-13,KI im Büroalltag,IBB Institut für Berufliche Bildung AG,1,5.0,5,0,277
2026-07-13,KI im Büroalltag,Berger Bildungsinstitut GmbH,1,5.0,6,0,277
2026-07-13,KI im Büroalltag,Fortbildungsakademie der Wirtschaft (FAW) gGmbH,1,5.0,7,0,277
2026-07-13,KI im Büroalltag,AWT Akademie für Wirtschaft und Technologie GmbH,1,5.0,8,0,277
2026-07-13,KI im Büroalltag,BIB Augsburg GmbH,1,5.0,9,0,277
2026-07-13,KI im Büroalltag,TÜV Rheinland Akademie GmbH,1,5.0,10,0,277
2026-07-13,KI im Büroalltag,Do IT Digital GmbH,1,5.0,11,0,277
2026-07-13,KI im Büroalltag,Lecturio GmbH,1,5.0,12,0,277
2026-07-13,KI im Büroalltag,Minister Fachschule GmbH,1,5.0,13,0,277
2026-07-13,KI im Büroalltag,Berufliche Fortbildungszentren der Bayerischen Wirtschaft (bfz) gGmbH,1,5.0,14,0,277
2026-07-13,KI im Büroalltag,Bildungswerk der Hessischen Wirtschaft e. V.,1,5.0,15,0,277
2026-07-13,KI im Büroalltag,SWA Bildungsakademie GmbH,1,5.0,16,0,277
2026-07-13,KI im Büroalltag,Lernen fördern e. V.,1,5.0,17,0,277
2026-07-13,KI im Büroalltag,Donner + Partner GmbH Baden-Württemberg,1,5.0,18,0,277
2026-07-13,KI im Büroalltag,Stiftung Lernen-Fördern-Arbeiten (LFA),1,5.0,19,0,277
2026-07-13,KI im Büroalltag,NH Schulungscenter für IT und Business GmbH,1,5.0,20,0,277
2026-07-13,KI im Inbound Marketing,Ironhack Germany GmbH,15,75.0,1,0,39
2026-07-13,KI im Inbound Marketing,ecomex GmbH & Co. KG,3,15.0,4,1,39
2026-07-13,KI im Inbound Marketing,OneCareer,1,5.0,2,0,39
2026-07-13,KI im Inbound Marketing,Digiteach GmbH,1,5.0,3,0,39
2026-07-13,KI im Vertrieb,Bold Academy GmbH,11,55.0,1,0,1731
2026-07-13,KI im Vertrieb,Masters of Digital GmbH,5,25.0,5,0,1731
2026-07-13,KI im Vertrieb,Talentspring Academy Group,2,10.0,2,0,1731
2026-07-13,KI im Vertrieb,Deutsches Privatinstitut BFD GmbH,1,5.0,3,0,1731
2026-07-13,KI im Vertrieb,Bildung Next Level GmbH,1,5.0,18,0,1731
2026-07-13,KI Lernen,Smart Future Campus GmbH,4,20.0,8,0,9726
2026-07-13,KI Lernen,brainymotion,4,20.0,16,0,9726
2026-07-13,KI Lernen,Forward Education GmbH,2,10.0,6,0,9726
2026-07-13,KI Lernen,IBB Institut für Berufliche Bildung AG,1,5.0,1,0,9726
2026-07-13,KI Lernen,Digitale Leute School,1,5.0,2,0,9726
2026-07-13,KI Lernen,mycareernow,1,5.0,3,0,9726
2026-07-13,KI Lernen,Education partners GmbH,1,5.0,4,0,9726
2026-07-13,KI Lernen,A-Leecon GmbH,1,5.0,5,0,9726
2026-07-13,KI Lernen,neuefische GmbH,1,5.0,7,0,9726
2026-07-13,KI Lernen,Wilhelm Büchner Hochschule,1,5.0,9,0,9726
2026-07-13,KI Lernen,NG Engineering Academy GmbH,1,5.0,11,0,9726
2026-07-13,KI Lernen,LearnWise Academy,1,5.0,13,0,9726
2026-07-13,KI Lernen,ImpaQt Education Group,1,5.0,15,0,9726
2026-07-13,KI Manager,IQ Bremen GmbH Intelligente Qualifizierung,1,5.0,1,0,6574
2026-07-13,KI Manager,Karriere Tutor GmbH,1,5.0,2,0,6574
2026-07-13,KI Manager,Lernstudio Barbarossa/MegaKids Fortbildungs GmbH,1,5.0,3,0,6574
2026-07-13,KI Manager,Education partners GmbH,1,5.0,4,0,6574
2026-07-13,KI Manager,New Horizons Hamburg / Bremen,1,5.0,5,0,6574
2026-07-13,KI Manager,IBB Institut für Berufliche Bildung AG,1,5.0,6,0,6574
2026-07-13,KI Manager,Berger Bildungsinstitut GmbH,1,5.0,7,0,6574
2026-07-13,KI Manager,BilSE-Institut für Bildung und Forschung GmbH,1,5.0,8,0,6574
2026-07-13,KI Manager,COMCAVE.COLLEGE GmbH,1,5.0,9,0,6574
2026-07-13,KI Manager,New Horizons Nord / West,1,5.0,10,0,6574
2026-07-13,KI Manager,Donner + Partner GmbH Baden-Württemberg,1,5.0,11,0,6574
2026-07-13,KI Manager,Berufsbildungszentrum (bbz) der IHK Siegen,1,5.0,12,0,6574
2026-07-13,KI Manager,Stiftung Lernen-Fördern-Arbeiten (LFA),1,5.0,13,0,6574
2026-07-13,KI Manager,StackFuel GmbH,1,5.0,14,0,6574
2026-07-13,KI Manager,Bildungswerk der nordhessischen Wirtschaft gemeinnützige GmbH,1,5.0,15,0,6574
2026-07-13,KI Manager,TERTIA Berufsförderung GmbH & Co. KG,1,5.0,16,0,6574
2026-07-13,KI Manager,Learning Digital Academy GmbH,1,5.0,17,0,6574
2026-07-13,KI Manager,NH Schulungscenter für IT und Business GmbH,1,5.0,18,0,6574
2026-07-13,KI Manager,Bildungswerk der Hessischen Wirtschaft e. V.,1,5.0,19,0,6574
2026-07-13,KI Manager,bam GmbH,1,5.0,20,0,6574
2026-07-13,KI Manager Weiterbildung,Leecon TS GmbH,8,40.0,4,0,4061
2026-07-13,KI Manager Weiterbildung,Bildung First GmbH,3,15.0,10,0,4061
2026-07-13,KI Manager Weiterbildung,neuefische GmbH,2,10.0,3,0,4061
2026-07-13,KI Manager Weiterbildung,STARTPLATZ Köln GmbH,1,5.0,1,0,4061
2026-07-13,KI Manager Weiterbildung,StartSteps Digital Education GmbH,1,5.0,2,0,4061
2026-07-13,KI Manager Weiterbildung,Webmasters Akademie Nürnberg GmbH,1,5.0,6,0,4061
2026-07-13,KI Manager Weiterbildung,JobCoaching - Institut für Persönlichkeitsentwicklung,1,5.0,11,0,4061
2026-07-13,KI Manager Weiterbildung,Skilldrops GmbH,1,5.0,16,0,4061
2026-07-13,KI Manager Weiterbildung,A-Leecon GmbH,1,5.0,17,0,4061
2026-07-13,KI Manager Weiterbildung,LUTZ + GRUB ACADEMY GmbH,1,5.0,20,0,4061
2026-07-13,KI Marketing,Masters of Digital GmbH,5,25.0,5,0,4338
2026-07-13,KI Marketing,mycareernow,5,25.0,11,0,4338
2026-07-13,KI Marketing,Talentspring Academy Group,3,15.0,1,0,4338
2026-07-13,KI Marketing,Karriere Tutor GmbH,2,10.0,2,0,4338
2026-07-13,KI Marketing,OneCareer,2,10.0,9,0,4338
2026-07-13,KI Marketing,neuefische GmbH,1,5.0,4,0,4338
2026-07-13,KI Marketing,Ironhack Germany GmbH,1,5.0,8,0,4338
2026-07-13,KI Marketing,cimdata Bildungsakademie GmbH,1,5.0,18,0,4338
2026-07-13,KI Prompt Engineering,A-Leecon GmbH,4,20.0,3,0,2875
2026-07-13,KI Prompt Engineering,mycareernow,4,20.0,16,0,2875
2026-07-13,KI Prompt Engineering,COMCAVE.COLLEGE GmbH,3,15.0,4,0,2875
2026-07-13,KI Prompt Engineering,velpTEC GmbH,2,10.0,1,0,2875
2026-07-13,KI Prompt Engineering,OneCareer,2,10.0,5,0,2875
2026-07-13,KI Prompt Engineering,Syntax GmbH für Aus- und Weiterbildung,2,10.0,12,0,2875
2026-07-13,KI Prompt Engineering,Karriere Tutor GmbH,1,5.0,2,0,2875
2026-07-13,KI Prompt Engineering,Smart Future Campus GmbH,1,5.0,7,0,2875
2026-07-13,KI Prompt Engineering,TÜV Rheinland Akademie GmbH I,1,5.0,8,0,2875
2026-07-13,KI Strategie,Smart Future Campus GmbH,2,10.0,3,0,6287
2026-07-13,KI Strategie,Karriere Tutor GmbH,2,10.0,6,0,6287
2026-07-13,KI Strategie,A-Leecon GmbH,2,10.0,7,0,6287
2026-07-13,KI Strategie,GFN GmbH,1,5.0,1,0,6287
2026-07-13,KI Strategie,Talentspring Academy Group,1,5.0,2,0,6287
2026-07-13,KI Strategie,neuefische GmbH,1,5.0,4,0,6287
2026-07-13,KI Strategie,Syntax GmbH für Aus- und Weiterbildung,1,5.0,5,0,6287
2026-07-13,KI Strategie,ecomex GmbH & Co. KG,1,5.0,8,1,6287
2026-07-13,KI Strategie,GrandEdu GmbH,1,5.0,9,0,6287
2026-07-13,KI Strategie,Lernstudio Barbarossa/MegaKids Fortbildungs GmbH,1,5.0,11,0,6287
2026-07-13,KI Strategie,BilSE-Institut für Bildung und Forschung GmbH,1,5.0,12,0,6287
2026-07-13,KI Strategie,IBB Institut für Berufliche Bildung AG,1,5.0,13,0,6287
2026-07-13,KI Strategie,velpTEC GmbH,1,5.0,15,0,6287
2026-07-13,KI Strategie,bam GmbH,1,5.0,17,0,6287
2026-07-13,KI Strategie,Berger Bildungsinstitut GmbH,1,5.0,18,0,6287
2026-07-13,KI Strategie,Stiftung Lernen-Fördern-Arbeiten (LFA),1,5.0,19,0,6287
2026-07-13,KI Strategie,Bold Academy GmbH,1,5.0,20,0,6287
2026-07-13,KI Tools für Marketing,mycareernow,5,25.0,11,0,2743
2026-07-13,KI Tools für Marketing,Talentspring Academy Group,3,15.0,1,0,2743
2026-07-13,KI Tools für Marketing,LVQ Weiterbildung und Beratung GmbH,3,15.0,4,0,2743
2026-07-13,KI Tools für Marketing,cimdata Bildungsakademie GmbH,2,10.0,6,0,2743
2026-07-13,KI Tools für Marketing,Karriere Tutor GmbH,1,5.0,2,0,2743
2026-07-13,KI Tools für Marketing,A-Leecon GmbH,1,5.0,3,0,2743
2026-07-13,KI Tools für Marketing,OneCareer,1,5.0,5,0,2743
2026-07-13,KI Tools für Marketing,KISA AKADEMIE GmbH,1,5.0,9,0,2743
2026-07-13,KI Tools für Marketing,DCI Digital Career Institute GmbH,1,5.0,12,0,2743
2026-07-13,KI Tools für Marketing,GrandEdu GmbH,1,5.0,17,0,2743
2026-07-13,KI Tools für Marketing,WBS TRAINING SE,1,5.0,18,0,2743
2026-07-13,KI und Agile Methoden,Leecon TS GmbH,10,50.0,5,0,3920
2026-07-13,KI und Agile Methoden,mycareernow,5,25.0,3,0,3920
2026-07-13,KI und Agile Methoden,ecomex GmbH & Co. KG,2,10.0,10,1,3920
2026-07-13,KI und Agile Methoden,OneCareer,1,5.0,1,0,3920
2026-07-13,KI und Agile Methoden,LUTZ + GRUB ACADEMY GmbH,1,5.0,2,0,3920
2026-07-13,KI und Agile Methoden,A-Leecon GmbH,1,5.0,14,0,3920
2026-07-13,KI Weiterbildung,neuefische GmbH,3,15.0,2,0,10000
2026-07-13,KI Weiterbildung,Smart Future Campus GmbH,3,15.0,4,0,10000
2026-07-13,KI Weiterbildung,Nexa Consulting GmbH,2,10.0,11,0,10000
2026-07-13,KI Weiterbildung,mycareernow,2,10.0,13,0,10000
2026-07-13,KI Weiterbildung,ImpaQt Education Group,1,5.0,1,0,10000
2026-07-13,KI Weiterbildung,JobCoaching - Institut für Persönlichkeitsentwicklung,1,5.0,3,0,10000
2026-07-13,KI Weiterbildung,Berger Bildungsinstitut GmbH,1,5.0,6,0,10000
2026-07-13,KI Weiterbildung,ecomex GmbH & Co. KG,1,5.0,7,1,10000
2026-07-13,KI Weiterbildung,Skilldrops GmbH,1,5.0,8,0,10000
2026-07-13,KI Weiterbildung,A-Leecon GmbH,1,5.0,9,0,10000
2026-07-13,KI Weiterbildung,Leecon TS GmbH,1,5.0,12,0,10000
2026-07-13,KI Weiterbildung,Bildung First GmbH,1,5.0,15,0,10000
2026-07-13,KI Weiterbildung,GFN GmbH,1,5.0,17,0,10000
2026-07-13,KI Weiterbildung,Learnix GmbH,1,5.0,18,0,10000
2026-07-13,KI-Manager,IQ Bremen GmbH Intelligente Qualifizierung,1,5.0,1,0,6574
2026-07-13,KI-Manager,Karriere Tutor GmbH,1,5.0,2,0,6574
2026-07-13,KI-Manager,Lernstudio Barbarossa/MegaKids Fortbildungs GmbH,1,5.0,3,0,6574
2026-07-13,KI-Manager,Education partners GmbH,1,5.0,4,0,6574
2026-07-13,KI-Manager,New Horizons Hamburg / Bremen,1,5.0,5,0,6574
2026-07-13,KI-Manager,IBB Institut für Berufliche Bildung AG,1,5.0,6,0,6574
2026-07-13,KI-Manager,Berger Bildungsinstitut GmbH,1,5.0,7,0,6574
2026-07-13,KI-Manager,BilSE-Institut für Bildung und Forschung GmbH,1,5.0,8,0,6574
2026-07-13,KI-Manager,COMCAVE.COLLEGE GmbH,1,5.0,9,0,6574
2026-07-13,KI-Manager,New Horizons Nord / West,1,5.0,10,0,6574
2026-07-13,KI-Manager,Donner + Partner GmbH Baden-Württemberg,1,5.0,11,0,6574
2026-07-13,KI-Manager,Berufsbildungszentrum (bbz) der IHK Siegen,1,5.0,12,0,6574
2026-07-13,KI-Manager,Stiftung Lernen-Fördern-Arbeiten (LFA),1,5.0,13,0,6574
2026-07-13,KI-Manager,StackFuel GmbH,1,5.0,14,0,6574
2026-07-13,KI-Manager,Bildungswerk der nordhessischen Wirtschaft gemeinnützige GmbH,1,5.0,15,0,6574
2026-07-13,KI-Manager,TERTIA Berufsförderung GmbH & Co. KG,1,5.0,16,0,6574
2026-07-13,KI-Manager,Learning Digital Academy GmbH,1,5.0,17,0,6574
2026-07-13,KI-Manager,NH Schulungscenter für IT und Business GmbH,1,5.0,18,0,6574
2026-07-13,KI-Manager,Bildungswerk der Hessischen Wirtschaft e. V.,1,5.0,19,0,6574
2026-07-13,KI-Manager,bam GmbH,1,5.0,20,0,6574
2026-07-13,Künstliche Intelligenz,NH Schulungscenter für IT und Business GmbH,4,20.0,1,0,10000
2026-07-13,Künstliche Intelligenz,OneCareer,4,20.0,6,0,10000
2026-07-13,Künstliche Intelligenz,Learning Digital Academy GmbH,2,10.0,3,0,10000
2026-07-13,Künstliche Intelligenz,A-Leecon GmbH,2,10.0,8,0,10000
2026-07-13,Künstliche Intelligenz,"Hamburger Fern-Hochschule, gemeinnützige GmbH",1,5.0,9,0,10000
2026-07-13,Künstliche Intelligenz,brainymotion München,1,5.0,11,0,10000
2026-07-13,Künstliche Intelligenz,ebam Akademie für Wirtschaft und Management,1,5.0,12,0,10000
2026-07-13,Künstliche Intelligenz,IBB Institut für Berufliche Bildung AG,1,5.0,15,0,10000
2026-07-13,Künstliche Intelligenz,Stiftung Lernen-Fördern-Arbeiten (LFA),1,5.0,16,0,10000
2026-07-13,Künstliche Intelligenz,WBS TRAINING SE,1,5.0,18,0,10000
2026-07-13,Künstliche Intelligenz,Fortbildungsakademie der Wirtschaft (FAW) gGmbH,1,5.0,19,0,10000
2026-07-13,Künstliche Intelligenz,Berufliche Fortbildungszentren der Bayerischen Wirtschaft (bfz) gGmbH,1,5.0,20,0,10000
2026-07-13,Künstliche Intelligenz Weiterbildung,A-Leecon GmbH,4,20.0,1,0,7319
2026-07-13,Künstliche Intelligenz Weiterbildung,OneCareer,3,15.0,13,0,7319
2026-07-13,Künstliche Intelligenz Weiterbildung,WBK Akademie GmbH,2,10.0,9,0,7319
2026-07-13,Künstliche Intelligenz Weiterbildung,Learning Digital Academy GmbH,2,10.0,12,0,7319
2026-07-13,Künstliche Intelligenz Weiterbildung,Berger Bildungsinstitut GmbH,1,5.0,2,0,7319
2026-07-13,Künstliche Intelligenz Weiterbildung,Webmasters Akademie Nürnberg GmbH,1,5.0,3,0,7319
2026-07-13,Künstliche Intelligenz Weiterbildung,New Horizons München - IT Computer und BusinessTraining Trainings,1,5.0,4,0,7319
2026-07-13,Künstliche Intelligenz Weiterbildung,neuefische GmbH,1,5.0,5,0,7319
2026-07-13,Künstliche Intelligenz Weiterbildung,WBS TRAINING SE,1,5.0,7,0,7319
2026-07-13,Künstliche Intelligenz Weiterbildung,Bildung First GmbH,1,5.0,11,0,7319
2026-07-13,Künstliche Intelligenz Weiterbildung,brainymotion München,1,5.0,14,0,7319
2026-07-13,Künstliche Intelligenz Weiterbildung,NH Schulungscenter für IT und Business GmbH,1,5.0,16,0,7319
2026-07-13,Künstliche Intelligenz Weiterbildung,ebam Akademie für Wirtschaft und Management,1,5.0,19,0,7319
2026-07-13,Manager KI,IQ Bremen GmbH Intelligente Qualifizierung,1,5.0,1,0,6574
2026-07-13,Manager KI,Karriere Tutor GmbH,1,5.0,2,0,6574
2026-07-13,Manager KI,Lernstudio Barbarossa/MegaKids Fortbildungs GmbH,1,5.0,3,0,6574
2026-07-13,Manager KI,Education partners GmbH,1,5.0,4,0,6574
2026-07-13,Manager KI,New Horizons Hamburg / Bremen,1,5.0,5,0,6574
2026-07-13,Manager KI,IBB Institut für Berufliche Bildung AG,1,5.0,6,0,6574
2026-07-13,Manager KI,Berger Bildungsinstitut GmbH,1,5.0,7,0,6574
2026-07-13,Manager KI,BilSE-Institut für Bildung und Forschung GmbH,1,5.0,8,0,6574
2026-07-13,Manager KI,COMCAVE.COLLEGE GmbH,1,5.0,9,0,6574
2026-07-13,Manager KI,New Horizons Nord / West,1,5.0,10,0,6574
2026-07-13,Manager KI,Donner + Partner GmbH Baden-Württemberg,1,5.0,11,0,6574
2026-07-13,Manager KI,Berufsbildungszentrum (bbz) der IHK Siegen,1,5.0,12,0,6574
2026-07-13,Manager KI,Stiftung Lernen-Fördern-Arbeiten (LFA),1,5.0,13,0,6574
2026-07-13,Manager KI,StackFuel GmbH,1,5.0,14,0,6574
2026-07-13,Manager KI,Bildungswerk der nordhessischen Wirtschaft gemeinnützige GmbH,1,5.0,15,0,6574
2026-07-13,Manager KI,TERTIA Berufsförderung GmbH & Co. KG,1,5.0,16,0,6574
2026-07-13,Manager KI,Learning Digital Academy GmbH,1,5.0,17,0,6574
2026-07-13,Manager KI,NH Schulungscenter für IT und Business GmbH,1,5.0,18,0,6574
2026-07-13,Manager KI,Bildungswerk der Hessischen Wirtschaft e. V.,1,5.0,19,0,6574
2026-07-13,Manager KI,bam GmbH,1,5.0,20,0,6574
2026-07-13,Marketing Automation,velpTEC GmbH,5,25.0,1,0,543
2026-07-13,Marketing Automation,DCI Digital Career Institute GmbH,5,25.0,2,0,543
2026-07-13,Marketing Automation,Forward Education GmbH,3,15.0,13,0,543
2026-07-13,Marketing Automation,ImpaQt Education Group,2,10.0,8,0,543
2026-07-13,Marketing Automation,Karriere Tutor GmbH,1,5.0,3,0,543
2026-07-13,Marketing Automation,GrandEdu GmbH,1,5.0,5,0,543
2026-07-13,Marketing Automation,Masters of Digital GmbH,1,5.0,11,0,543
2026-07-13,Marketing Automation,Ironhack Germany GmbH,1,5.0,17,0,543
2026-07-13,Marketing Automation,Talentspring Academy Group,1,5.0,18,0,543
2026-07-13,Marketing Kampagnen,OneCareer,6,30.0,4,0,3553
2026-07-13,Marketing Kampagnen,Masters of Digital GmbH,4,20.0,1,0,3553
2026-07-13,Marketing Kampagnen,Karriere Tutor GmbH,2,10.0,2,0,3553
2026-07-13,Marketing Kampagnen,mycareernow,2,10.0,10,0,3553
2026-07-13,Marketing Kampagnen,ifmera academy GmbH,1,5.0,3,0,3553
2026-07-13,Marketing Kampagnen,GrandEdu GmbH,1,5.0,5,0,3553
2026-07-13,Marketing Kampagnen,COMCAVE.COLLEGE GmbH,1,5.0,7,0,3553
2026-07-13,Marketing Kampagnen,Forward Education GmbH,1,5.0,11,0,3553
2026-07-13,Marketing Kampagnen,Learning Digital Academy GmbH,1,5.0,15,0,3553
2026-07-13,Marketing Kampagnen,Talentspring Academy Group,1,5.0,17,0,3553
2026-07-13,Marketing Kurs,New Horizons München - IT Computer und BusinessTraining Trainings,8,40.0,2,0,7382
2026-07-13,Marketing Kurs,Talentspring Academy Group,2,10.0,9,0,7382
2026-07-13,Marketing Kurs,WBS TRAINING SE,2,10.0,10,0,7382
2026-07-13,Marketing Kurs,Hochschule Geisenheim,1,5.0,1,0,7382
2026-07-13,Marketing Kurs,LearnWise Academy,1,5.0,3,0,7382
2026-07-13,Marketing Kurs,Masters of Digital GmbH,1,5.0,5,0,7382
2026-07-13,Marketing Kurs,Learnix GmbH,1,5.0,7,0,7382
2026-07-13,Marketing Kurs,ecomex GmbH & Co. KG,1,5.0,8,1,7382
2026-07-13,Marketing Kurs,A-Leecon GmbH,1,5.0,13,0,7382
2026-07-13,Marketing Kurs,OneCareer,1,5.0,14,0,7382
2026-07-13,Marketing Kurs,Trainers4Professionals,1,5.0,20,0,7382
2026-07-13,Marketing Manager,Talentspring Academy Group,5,25.0,2,0,3875
2026-07-13,Marketing Manager,alfatraining Bildungszentrum GmbH,4,20.0,5,0,3875
2026-07-13,Marketing Manager,OneCareer,3,15.0,1,0,3875
2026-07-13,Marketing Manager,Karriere Tutor GmbH,2,10.0,6,0,3875
2026-07-13,Marketing Manager,Learning Digital Academy GmbH,2,10.0,16,0,3875
2026-07-13,Marketing Manager,cimdata Bildungsakademie GmbH,1,5.0,3,0,3875
2026-07-13,Marketing Manager,Learnix GmbH,1,5.0,4,0,3875
2026-07-13,Marketing Manager,COMCAVE.COLLEGE GmbH,1,5.0,7,0,3875
2026-07-13,Marketing Manager,Wildner Akademie für Digitale Wirtschaft & Management,1,5.0,14,0,3875
2026-07-13,Marketing mit AI,neuefische GmbH,5,25.0,1,0,1027
2026-07-13,Marketing mit AI,Talentspring Academy Group,2,10.0,2,0,1027
2026-07-13,Marketing mit AI,Masters of Digital GmbH,2,10.0,8,0,1027
2026-07-13,Marketing mit AI,NH Schulungscenter für IT und Business GmbH,1,5.0,4,0,1027
2026-07-13,Marketing mit AI,New Horizons Nord / West,1,5.0,6,0,1027
2026-07-13,Marketing mit AI,New Horizons Hamburg / Bremen,1,5.0,7,0,1027
2026-07-13,Marketing mit AI,ImpaQt Education Group,1,5.0,9,0,1027
2026-07-13,Marketing mit AI,velpTEC GmbH,1,5.0,10,0,1027
2026-07-13,Marketing mit AI,New Horizons München - IT Computer und BusinessTraining Trainings,1,5.0,13,0,1027
2026-07-13,Marketing mit AI,A-Leecon GmbH,1,5.0,14,0,1027
2026-07-13,Marketing mit AI,GrandEdu GmbH,1,5.0,15,0,1027
2026-07-13,Marketing mit AI,New Horizons Hannover/Leipzig,1,5.0,18,0,1027
2026-07-13,Marketing mit AI,Agile Heroes GmbH,1,5.0,19,0,1027
2026-07-13,Marketing mit AI,Distart Education GmbH,1,5.0,20,0,1027
2026-07-13,Marketingkampagnen mit AI,A-Leecon GmbH,6,30.0,2,0,106
2026-07-13,Marketingkampagnen mit AI,neuefische GmbH,4,20.0,1,0,106
2026-07-13,Marketingkampagnen mit AI,New Horizons München - IT Computer und BusinessTraining Trainings,3,15.0,8,0,106
2026-07-13,Marketingkampagnen mit AI,ImpaQt Education Group,1,5.0,4,0,106
2026-07-13,Marketingkampagnen mit AI,Masters of Digital GmbH,1,5.0,5,0,106
2026-07-13,Marketingkampagnen mit AI,New Horizons München - IT Computer und Business Trainings,1,5.0,10,0,106
2026-07-13,Marketingkampagnen mit AI,Code S Academy Ramona Sander,1,5.0,12,0,106
2026-07-13,Marketingkampagnen mit AI,WBK Akademie GmbH,1,5.0,13,0,106
2026-07-13,Marketingkampagnen mit AI,WBS TRAINING SE,1,5.0,16,0,106
2026-07-13,Marketingkampagnen mit AI,velpTEC GmbH,1,5.0,20,0,106
2026-07-13,Marketingstrategie mit KI,A-Leecon GmbH,16,80.0,2,0,587
2026-07-13,Marketingstrategie mit KI,neuefische GmbH,1,5.0,1,0,587
2026-07-13,Marketingstrategie mit KI,OneCareer,1,5.0,7,0,587
2026-07-13,Marketingstrategie mit KI,cimdata Bildungsakademie GmbH,1,5.0,9,0,587
2026-07-13,Marketingstrategie mit KI,mycareernow,1,5.0,15,0,587
2026-07-13,Mediendesign Kurs,Distart Education GmbH,11,55.0,2,0,1694
2026-07-13,Mediendesign Kurs,Syntax GmbH für Aus- und Weiterbildung,2,10.0,1,0,1694
2026-07-13,Mediendesign Kurs,ecomex GmbH & Co. KG,1,5.0,6,1,1694
2026-07-13,Mediendesign Kurs,FiGD Akademie für Medienentwicklung,1,5.0,7,0,1694
2026-07-13,Mediendesign Kurs,Digitale Leute School,1,5.0,16,0,1694
2026-07-13,Mediendesign Kurs,Berger Bildungsinstitut GmbH,1,5.0,17,0,1694
2026-07-13,Mediendesign Kurs,IBB Institut für Berufliche Bildung AG,1,5.0,18,0,1694
2026-07-13,Mediendesign Kurs,Fortbildungsakademie der Wirtschaft (FAW) gGmbH,1,5.0,19,0,1694
2026-07-13,Mediendesign Kurs,GfM GmbH & Co. KG,1,5.0,20,0,1694
2026-07-13,Mediengestaltung Kurs,mycareernow,6,30.0,9,0,2129
2026-07-13,Mediengestaltung Kurs,Syntax GmbH für Aus- und Weiterbildung,2,10.0,1,0,2129
2026-07-13,Mediengestaltung Kurs,Karriere Tutor GmbH,2,10.0,5,0,2129
2026-07-13,Mediengestaltung Kurs,IAD Informationsverarbeitung und angewandte Datentechnik GmbH,2,10.0,8,0,2129
2026-07-13,Mediengestaltung Kurs,alfatraining Bildungszentrum GmbH,2,10.0,15,0,2129
2026-07-13,Mediengestaltung Kurs,ecomex GmbH & Co. KG,1,5.0,3,1,2129
2026-07-13,Mediengestaltung Kurs,FiGD Akademie für Medienentwicklung,1,5.0,4,0,2129
2026-07-13,Mediengestaltung Kurs,formful education GmbH,1,5.0,6,0,2129
2026-07-13,Mediengestaltung Kurs,OneCareer,1,5.0,10,0,2129
2026-07-13,Mediengestaltung Kurs,GrandEdu GmbH,1,5.0,13,0,2129
2026-07-13,Mediengestaltung Kurs,Business Trends Academy,1,5.0,14,0,2129
2026-07-13,Online Advertising,Learning Digital Academy GmbH,5,25.0,7,0,778
2026-07-13,Online Advertising,OneCareer,4,20.0,2,0,778
2026-07-13,Online Advertising,Masters of Digital GmbH,4,20.0,3,0,778
2026-07-13,Online Advertising,Mentify Learn GmbH,2,10.0,15,0,778
2026-07-13,Online Advertising,ecomex GmbH & Co. KG,1,5.0,1,1,778
2026-07-13,Online Advertising,GrandEdu GmbH,1,5.0,5,0,778
2026-07-13,Online Advertising,neuefische GmbH,1,5.0,6,0,778
2026-07-13,Online Advertising,mycareernow,1,5.0,16,0,778
2026-07-13,Online Advertising,Distart Education GmbH,1,5.0,19,0,778
2026-07-13,Online Marketing,OneCareer,3,15.0,11,0,6088
2026-07-13,Online Marketing,IU Akademie IU Internationale Hochschule,2,10.0,3,0,6088
2026-07-13,Online Marketing,COMCAVE.COLLEGE GmbH,2,10.0,4,0,6088
2026-07-13,Online Marketing,Karriere Tutor GmbH,2,10.0,5,0,6088
2026-07-13,Online Marketing,ecomex GmbH & Co. KG,1,5.0,1,1,6088
2026-07-13,Online Marketing,Akademie Überlingen,1,5.0,2,0,6088
2026-07-13,Online Marketing,Lecturio GmbH,1,5.0,6,0,6088
2026-07-13,Online Marketing,DAA - Deutsche Angestellten- Akademie gGmbH,1,5.0,7,0,6088
2026-07-13,Online Marketing,GrandEdu GmbH,1,5.0,8,0,6088
2026-07-13,Online Marketing,ifmera academy GmbH,1,5.0,9,0,6088
2026-07-13,Online Marketing,LVQ Weiterbildung und Beratung GmbH,1,5.0,10,0,6088
2026-07-13,Online Marketing,neuefische GmbH,1,5.0,12,0,6088
2026-07-13,Online Marketing,SRH Fernhochschule - The Mobile University,1,5.0,13,0,6088
2026-07-13,Online Marketing,GFN GmbH,1,5.0,14,0,6088
2026-07-13,Online Marketing,Learning Digital Academy GmbH,1,5.0,18,0,6088
2026-07-13,Online Marketing Grundlagen,Karriere Tutor GmbH,7,35.0,1,0,4180
2026-07-13,Online Marketing Grundlagen,DCI Digital Career Institute GmbH,3,15.0,4,0,4180
2026-07-13,Online Marketing Grundlagen,SMD Performance Media,2,10.0,9,0,4180
2026-07-13,Online Marketing Grundlagen,Distart Education GmbH,2,10.0,14,0,4180
2026-07-13,Online Marketing Grundlagen,Talentspring Academy Group,1,5.0,2,0,4180
2026-07-13,Online Marketing Grundlagen,BNW gGmbH - Bildungswerk der Niedersächsischen Wirtschaft gemeinnützige GmbH,1,5.0,3,0,4180
2026-07-13,Online Marketing Grundlagen,neuefische GmbH,1,5.0,5,0,4180
2026-07-13,Online Marketing Grundlagen,WBA Weiterbildungsagentur / Audiocation GmbH,1,5.0,6,0,4180
2026-07-13,Online Marketing Grundlagen,ecomex GmbH & Co. KG,1,5.0,10,1,4180
2026-07-13,Online Marketing Grundlagen,OneCareer,1,5.0,18,0,4180
2026-07-13,Online Marketing Kurs,New Horizons München - IT Computer und BusinessTraining Trainings,3,15.0,3,0,3633
2026-07-13,Online Marketing Kurs,DCI Digital Career Institute GmbH,3,15.0,15,0,3633
2026-07-13,Online Marketing Kurs,ecomex GmbH & Co. KG,2,10.0,4,1,3633
2026-07-13,Online Marketing Kurs,IU Akademie IU Internationale Hochschule,2,10.0,9,0,3633
2026-07-13,Online Marketing Kurs,Karriere Tutor GmbH,2,10.0,10,0,3633
2026-07-13,Online Marketing Kurs,Masters of Digital GmbH,1,5.0,1,0,3633
2026-07-13,Online Marketing Kurs,Learnix GmbH,1,5.0,2,0,3633
2026-07-13,Online Marketing Kurs,GrandEdu GmbH,1,5.0,8,0,3633
2026-07-13,Online Marketing Kurs,Lecturio GmbH,1,5.0,11,0,3633
2026-07-13,Online Marketing Kurs,Talentspring Academy Group,1,5.0,12,0,3633
2026-07-13,Online Marketing Kurs,OneCareer,1,5.0,13,0,3633
2026-07-13,Online Marketing Kurs,Distart Education GmbH,1,5.0,18,0,3633
2026-07-13,Online Marketing Kurs,BNW gGmbH - Bildungswerk der Niedersächsischen Wirtschaft gemeinnützige GmbH,1,5.0,19,0,3633
2026-07-13,Online Marketing lernen,OneCareer,4,20.0,9,0,2520
2026-07-13,Online Marketing lernen,Karriere Tutor GmbH,2,10.0,4,0,2520
2026-07-13,Online Marketing lernen,Lecturio GmbH,2,10.0,5,0,2520
2026-07-13,Online Marketing lernen,DAA - Deutsche Angestellten- Akademie gGmbH,2,10.0,6,0,2520
2026-07-13,Online Marketing lernen,Textakademie GmbH,2,10.0,13,0,2520
2026-07-13,Online Marketing lernen,ecomex GmbH & Co. KG,1,5.0,1,1,2520
2026-07-13,Online Marketing lernen,GrandEdu GmbH,1,5.0,2,0,2520
2026-07-13,Online Marketing lernen,Akademie Überlingen,1,5.0,3,0,2520
2026-07-13,Online Marketing lernen,ifmera academy GmbH,1,5.0,7,0,2520
2026-07-13,Online Marketing lernen,SRH Fernhochschule - The Mobile University,1,5.0,8,0,2520
2026-07-13,Online Marketing lernen,cimdata Bildungsakademie GmbH,1,5.0,11,0,2520
2026-07-13,Online Marketing lernen,DCI Digital Career Institute GmbH,1,5.0,12,0,2520
2026-07-13,Online Marketing lernen,BNW gGmbH - Bildungswerk der Niedersächsischen Wirtschaft gemeinnützige GmbH,1,5.0,20,0,2520
2026-07-13,Online Marketing Manager Kurs,Learnix GmbH,3,15.0,1,0,1398
2026-07-13,Online Marketing Manager Kurs,Karriere Tutor GmbH,3,15.0,3,0,1398
2026-07-13,Online Marketing Manager Kurs,Talentspring Academy Group,3,15.0,4,0,1398
2026-07-13,Online Marketing Manager Kurs,Lecturio GmbH,2,10.0,5,0,1398
2026-07-13,Online Marketing Manager Kurs,BNW gGmbH - Bildungswerk der Niedersächsischen Wirtschaft gemeinnützige GmbH,2,10.0,11,0,1398
2026-07-13,Online Marketing Manager Kurs,ecomex GmbH & Co. KG,2,10.0,15,1,1398
2026-07-13,Online Marketing Manager Kurs,DCI Digital Career Institute GmbH,1,5.0,2,0,1398
2026-07-13,Online Marketing Manager Kurs,OneCareer,1,5.0,7,0,1398
2026-07-13,Online Marketing Manager Kurs,New Horizons München - IT Computer und BusinessTraining Trainings,1,5.0,12,0,1398
2026-07-13,Online Marketing Manager Kurs,SMD Performance Media,1,5.0,16,0,1398
2026-07-13,Online Marketing Manager Kurs,alfatraining Bildungszentrum GmbH,1,5.0,20,0,1398
2026-07-13,Online Marketing Manager,alfatraining Bildungszentrum GmbH,2,10.0,3,0,2128
2026-07-13,Online Marketing Manager,Karriere Tutor GmbH,2,10.0,4,0,2128
2026-07-13,Online Marketing Manager,OneCareer,2,10.0,12,0,2128
2026-07-13,Online Marketing Manager,Learnix GmbH,2,10.0,14,0,2128
2026-07-13,Online Marketing Manager,COMCAVE.COLLEGE GmbH,1,5.0,1,0,2128
2026-07-13,Online Marketing Manager,Talentspring Academy Group,1,5.0,2,0,2128
2026-07-13,Online Marketing Manager,Wildner Akademie für Digitale Wirtschaft & Management,1,5.0,5,0,2128
2026-07-13,Online Marketing Manager,DCI Digital Career Institute GmbH,1,5.0,6,0,2128
2026-07-13,Online Marketing Manager,Minister Fachschule GmbH,1,5.0,7,0,2128
2026-07-13,Online Marketing Manager,Textakademie GmbH,1,5.0,8,0,2128
2026-07-13,Online Marketing Manager,Lecturio GmbH,1,5.0,9,0,2128
2026-07-13,Online Marketing Manager,LVQ Weiterbildung und Beratung GmbH,1,5.0,10,0,2128
2026-07-13,Online Marketing Manager,IAD Informationsverarbeitung und angewandte Datentechnik GmbH,1,5.0,11,0,2128
2026-07-13,Online Marketing Manager,Digiteach GmbH,1,5.0,15,0,2128
2026-07-13,Online Marketing Manager,SGD,1,5.0,18,0,2128
2026-07-13,Online Marketing Manager,Berger Bildungsinstitut GmbH,1,5.0,19,0,2128
2026-07-13,Online Marketing Zertifikat,OneCareer,8,40.0,10,0,3821
2026-07-13,Online Marketing Zertifikat,Akademie Überlingen,4,20.0,1,0,3821
2026-07-13,Online Marketing Zertifikat,mycareernow,4,20.0,5,0,3821
2026-07-13,Online Marketing Zertifikat,Karriere Tutor GmbH,2,10.0,8,0,3821
2026-07-13,Online Marketing Zertifikat,ecomex GmbH & Co. KG,1,5.0,6,1,3821
2026-07-13,Online Marketing Zertifikat,LVQ Weiterbildung und Beratung GmbH,1,5.0,16,0,3821
2026-07-13,Online Shop Manager,Karriere Tutor GmbH,7,35.0,3,0,397
2026-07-13,Online Shop Manager,Talentspring Academy Group,4,20.0,2,0,397
2026-07-13,Online Shop Manager,Learnix GmbH,1,5.0,1,0,397
2026-07-13,Online Shop Manager,CROAS Education GmbH,1,5.0,6,0,397
2026-07-13,Online Shop Manager,GFN GmbH,1,5.0,9,0,397
2026-07-13,Online Shop Manager,OneCareer,1,5.0,12,0,397
2026-07-13,Online Shop Manager,DFW Akademie,1,5.0,13,0,397
2026-07-13,Online Shop Manager,alfatraining Bildungszentrum GmbH,1,5.0,14,0,397
2026-07-13,Online Shop Manager,SGD,1,5.0,16,0,397
2026-07-13,Online Shop Manager,ecomex GmbH & Co. KG,1,5.0,17,1,397
2026-07-13,Online Shop Manager,Mentify Learn GmbH,1,5.0,20,0,397
2026-07-13,Online Werbung,Masters of Digital GmbH,6,30.0,4,0,2147
2026-07-13,Online Werbung,OneCareer,4,20.0,1,0,2147
2026-07-13,Online Werbung,neuefische GmbH,3,15.0,3,0,2147
2026-07-13,Online Werbung,Learning Digital Academy GmbH,2,10.0,2,0,2147
2026-07-13,Online Werbung,Mentify Learn GmbH,1,5.0,9,0,2147
2026-07-13,Online Werbung,Akademie Überlingen,1,5.0,16,0,2147
2026-07-13,Online Werbung,DAA - Deutsche Angestellten- Akademie gGmbH,1,5.0,18,0,2147
2026-07-13,Online Werbung,Karriere Tutor GmbH,1,5.0,19,0,2147
2026-07-13,Online Werbung,GrandEdu GmbH,1,5.0,20,0,2147
2026-07-13,Online-Shops,velpTEC GmbH,7,35.0,3,0,975
2026-07-13,Online-Shops,Karriere Tutor GmbH,3,15.0,2,0,975
2026-07-13,Online-Shops,Syntax GmbH für Aus- und Weiterbildung,2,10.0,11,0,975
2026-07-13,Online-Shops,GFN GmbH,1,5.0,1,0,975
2026-07-13,Online-Shops,Masters of Digital GmbH,1,5.0,5,0,975
2026-07-13,Online-Shops,ecomex GmbH & Co. KG,1,5.0,6,1,975
2026-07-13,Online-Shops,Volkshochschule Reutlingen GmbH,1,5.0,13,0,975
2026-07-13,Online-Shops,cimdata Bildungsakademie GmbH,1,5.0,17,0,975
2026-07-13,Online-Shops,FiGD Akademie für Medienentwicklung,1,5.0,18,0,975
2026-07-13,Online-Shops,Comhard Gesellschaft für Bildung und Personalentwicklung mbH,1,5.0,19,0,975
2026-07-13,Online-Shops,Talentspring Academy Group,1,5.0,20,0,975
2026-07-13,Performance Marketing Manager,Talentspring Academy Group,8,40.0,2,0,1176
2026-07-13,Performance Marketing Manager,Karriere Tutor GmbH,5,25.0,6,0,1176
2026-07-13,Performance Marketing Manager,OneCareer,3,15.0,1,0,1176
2026-07-13,Performance Marketing Manager,Learnix GmbH,1,5.0,4,0,1176
2026-07-13,Performance Marketing Manager,ecomex GmbH & Co. KG,1,5.0,5,1,1176
2026-07-13,Performance Marketing Manager,Digiteach GmbH,1,5.0,16,0,1176
2026-07-13,Performance Marketing Manager,Masters of Digital GmbH,1,5.0,17,0,1176
2026-07-13,PPC,Mentify Learn GmbH,15,75.0,2,0,39
2026-07-13,PPC,ecomex GmbH & Co. KG,1,5.0,1,1,39
2026-07-13,PPC,HECKER CONSULTING,1,5.0,16,0,39
2026-07-13,PPC,Digiteach GmbH,1,5.0,18,0,39
2026-07-13,PPC,New Horizons Hannover/Leipzig,1,5.0,19,0,39
2026-07-13,PPC,New Horizons Hamburg / Bremen,1,5.0,20,0,39
2026-07-13,Projektmanagement E-Commerce,OneCareer,3,15.0,1,0,269
2026-07-13,Projektmanagement E-Commerce,Karriere Tutor GmbH,3,15.0,11,0,269
2026-07-13,Projektmanagement E-Commerce,Learning Digital Academy GmbH,2,10.0,3,0,269
2026-07-13,Projektmanagement E-Commerce,velpTEC GmbH,2,10.0,4,0,269
2026-07-13,Projektmanagement E-Commerce,mycareernow,2,10.0,6,0,269
2026-07-13,Projektmanagement E-Commerce,GFN GmbH,2,10.0,7,0,269
2026-07-13,Projektmanagement E-Commerce,GrandEdu GmbH,2,10.0,9,0,269
2026-07-13,Projektmanagement E-Commerce,IU Akademie IU Internationale Hochschule,1,5.0,2,0,269
2026-07-13,Projektmanagement E-Commerce,Akademie Überlingen,1,5.0,14,0,269
2026-07-13,Projektmanagement E-Commerce,ecomex GmbH & Co. KG,1,5.0,19,1,269
2026-07-13,Projektmanagement E-Commerce,EBA Hanse College GmbH,1,5.0,20,0,269
2026-07-13,SEA,Masters of Digital GmbH,6,30.0,5,0,1416
2026-07-13,SEA,mycareernow,3,15.0,4,0,1416
2026-07-13,SEA,OneCareer,3,15.0,6,0,1416
2026-07-13,SEA,Karriere Tutor GmbH,2,10.0,3,0,1416
2026-07-13,SEA,WBS TRAINING SE,1,5.0,1,0,1416
2026-07-13,SEA,Akademie Überlingen,1,5.0,2,0,1416
2026-07-13,SEA,IU Akademie IU Internationale Hochschule,1,5.0,13,0,1416
2026-07-13,SEA,cimdata Bildungsakademie GmbH,1,5.0,15,0,1416
2026-07-13,SEA,DCI Digital Career Institute GmbH,1,5.0,17,0,1416
2026-07-13,SEA,velpTEC GmbH,1,5.0,20,0,1416
2026-07-13,SEO,OneCareer,7,35.0,5,0,3406
2026-07-13,SEO,Masters of Digital GmbH,5,25.0,6,0,3406
2026-07-13,SEO,Learning Digital Academy GmbH,2,10.0,9,0,3406
2026-07-13,SEO,Talentspring Academy Group,1,5.0,1,0,3406
2026-07-13,SEO,GFN GmbH,1,5.0,2,0,3406
2026-07-13,SEO,HECKER CONSULTING,1,5.0,3,0,3406
2026-07-13,SEO,cimdata Bildungsakademie GmbH,1,5.0,4,0,3406
2026-07-13,SEO,Berger Bildungsinstitut GmbH,1,5.0,15,0,3406
2026-07-13,SEO,TERTIA Berufsförderung GmbH & Co. KG,1,5.0,19,0,3406
2026-07-13,SEO Manager KI,mycareernow,15,75.0,2,0,503
2026-07-13,SEO Manager KI,cimdata Bildungsakademie GmbH,3,15.0,6,0,503
2026-07-13,SEO Manager KI,SMD Performance Media,1,5.0,1,0,503
2026-07-13,SEO Manager KI,A-Leecon GmbH,1,5.0,18,0,503
2026-07-13,Sistrix,cimdata Bildungsakademie GmbH,8,40.0,3,0,47
2026-07-13,Sistrix,SMD Performance Media,4,20.0,9,0,47
2026-07-13,Sistrix,Learning Digital Academy GmbH,2,10.0,2,0,47
2026-07-13,Sistrix,ecomex GmbH & Co. KG,2,10.0,6,1,47
2026-07-13,Sistrix,Talentspring Academy Group,1,5.0,1,0,47
2026-07-13,Sistrix,Wildner Akademie für Digitale Wirtschaft & Management,1,5.0,8,0,47
2026-07-13,Sistrix,indisoft GmbH,1,5.0,13,0,47
2026-07-13,Sistrix,Digiteach GmbH,1,5.0,18,0,47
2026-07-13,Social Media Advertising,Masters of Digital GmbH,4,20.0,3,0,602
2026-07-13,Social Media Advertising,OneCareer,3,15.0,2,0,602
2026-07-13,Social Media Advertising,ecomex GmbH & Co. KG,3,15.0,4,1,602
2026-07-13,Social Media Advertising,Distart Education GmbH,2,10.0,7,0,602
2026-07-13,Social Media Advertising,SMD Performance Media,2,10.0,9,0,602
2026-07-13,Social Media Advertising,Learning Digital Academy GmbH,2,10.0,18,0,602
2026-07-13,Social Media Advertising,IU Akademie IU Internationale Hochschule,1,5.0,1,0,602
2026-07-13,Social Media Advertising,mycareernow,1,5.0,13,0,602
2026-07-13,Social Media Advertising,Karriere Tutor GmbH,1,5.0,17,0,602
2026-07-13,Social Media Advertising,velpTEC GmbH,1,5.0,19,0,602
2026-07-13,Social Media Experte,SMD Performance Media,7,35.0,6,0,410
2026-07-13,Social Media Experte,Masters of Digital GmbH,4,20.0,7,0,410
2026-07-13,Social Media Experte,ecomex GmbH & Co. KG,2,10.0,2,1,410
2026-07-13,Social Media Experte,LVQ Weiterbildung und Beratung GmbH,2,10.0,9,0,410
2026-07-13,Social Media Experte,TASys GmbH,1,5.0,1,0,410
2026-07-13,Social Media Experte,Learning Digital Academy GmbH,1,5.0,4,0,410
2026-07-13,Social Media Experte,academy7,1,5.0,5,0,410
2026-07-13,Social Media Experte,Akademie Überlingen,1,5.0,14,0,410
2026-07-13,Social Media Experte,Webmasters Akademie Nürnberg GmbH,1,5.0,15,0,410
2026-07-13,Social Media Marketing Manager,Talentspring Academy Group,5,25.0,5,0,1466
2026-07-13,Social Media Marketing Manager,GrandEdu GmbH,4,20.0,3,0,1466
2026-07-13,Social Media Marketing Manager,ecomex GmbH & Co. KG,3,15.0,2,1,1466
2026-07-13,Social Media Marketing Manager,alfatraining Bildungszentrum GmbH,2,10.0,8,0,1466
2026-07-13,Social Media Marketing Manager,Akademie Überlingen,1,5.0,1,0,1466
2026-07-13,Social Media Marketing Manager,Digiteach GmbH,1,5.0,4,0,1466
2026-07-13,Social Media Marketing Manager,SMD Performance Media,1,5.0,6,0,1466
2026-07-13,Social Media Marketing Manager,TERTIA Berufsförderung GmbH & Co. KG,1,5.0,11,0,1466
2026-07-13,Social Media Marketing Manager,Bildungsinstitut Gros,1,5.0,14,0,1466
2026-07-13,Social Media Marketing Manager,Acus Akademie GmbH,1,5.0,15,0,1466
2026-07-13,Social Media Marketing Manager Weiterbildung,ecomex GmbH & Co. KG,3,15.0,6,1,1088
2026-07-13,Social Media Marketing Manager Weiterbildung,WBK Akademie GmbH,2,10.0,3,0,1088
2026-07-13,Social Media Marketing Manager Weiterbildung,Talentspring Academy Group,2,10.0,10,0,1088
2026-07-13,Social Media Marketing Manager Weiterbildung,LVQ Weiterbildung und Beratung GmbH,2,10.0,19,0,1088
2026-07-13,Social Media Marketing Manager Weiterbildung,Morphos GmbH,1,5.0,1,0,1088
2026-07-13,Social Media Marketing Manager Weiterbildung,Webmasters Akademie Nürnberg GmbH,1,5.0,2,0,1088
2026-07-13,Social Media Marketing Manager Weiterbildung,Denta1 Education GmbH,1,5.0,5,0,1088
2026-07-13,Social Media Marketing Manager Weiterbildung,Akademie Überlingen,1,5.0,7,0,1088
2026-07-13,Social Media Marketing Manager Weiterbildung,SMD Performance Media,1,5.0,8,0,1088
2026-07-13,Social Media Marketing Manager Weiterbildung,Digiteach GmbH,1,5.0,9,0,1088
2026-07-13,Social Media Marketing Manager Weiterbildung,Bildungsinstitut Gros,1,5.0,11,0,1088
2026-07-13,Social Media Marketing Manager Weiterbildung,Acus Akademie GmbH,1,5.0,12,0,1088
2026-07-13,Social Media Marketing Manager Weiterbildung,GrandEdu GmbH,1,5.0,16,0,1088
2026-07-13,Social Media Marketing Manager Weiterbildung,mycareernow,1,5.0,17,0,1088
2026-07-13,Social Media Marketing Manager Weiterbildung,Masters of Digital GmbH,1,5.0,18,0,1088
2026-07-13,Social Media Plattformen,Karriere Tutor GmbH,4,20.0,1,0,2084
2026-07-13,Social Media Plattformen,SMD Performance Media,4,20.0,11,0,2084
2026-07-13,Social Media Plattformen,Masters of Digital GmbH,3,15.0,8,0,2084
2026-07-13,Social Media Plattformen,Talentspring Academy Group,2,10.0,4,0,2084
2026-07-13,Social Media Plattformen,GrandEdu GmbH,2,10.0,6,0,2084
2026-07-13,Social Media Plattformen,velpTEC GmbH,1,5.0,5,0,2084
2026-07-13,Social Media Plattformen,OneCareer,1,5.0,9,0,2084
2026-07-13,Social Media Plattformen,FiGD Akademie für Medienentwicklung,1,5.0,14,0,2084
2026-07-13,Social Media Plattformen,ecomex GmbH & Co. KG,1,5.0,15,1,2084
2026-07-13,Social Media Plattformen,Distart Education GmbH,1,5.0,17,0,2084
2026-07-13,Social Media Marketing,IU Akademie IU Internationale Hochschule,1,5.0,1,0,4355
2026-07-13,Social Media Marketing,DAA - Deutsche Angestellten- Akademie gGmbH,1,5.0,2,0,4355
2026-07-13,Social Media Marketing,Masters of Digital GmbH,1,5.0,3,0,4355
2026-07-13,Social Media Marketing,Donner + Partner GmbH Bayern,1,5.0,4,0,4355
2026-07-13,Social Media Marketing,Berger Bildungsinstitut GmbH,1,5.0,5,0,4355
2026-07-13,Social Media Marketing,OneCareer,1,5.0,6,0,4355
2026-07-13,Social Media Marketing,TERTIA Berufsförderung GmbH & Co. KG,1,5.0,7,0,4355
2026-07-13,Social Media Marketing,IBB Institut für Berufliche Bildung AG,1,5.0,8,0,4355
2026-07-13,Social Media Marketing,Fortbildungsakademie der Wirtschaft (FAW) gGmbH,1,5.0,9,0,4355
2026-07-13,Social Media Marketing,cimdata Bildungsakademie GmbH,1,5.0,10,0,4355
2026-07-13,Social Media Marketing,its digital akademie GmbH,1,5.0,11,0,4355
2026-07-13,Social Media Marketing,Do IT Digital GmbH,1,5.0,12,0,4355
2026-07-13,Social Media Marketing,Hallmann Personal- und Schulungscenter GmbH,1,5.0,13,0,4355
2026-07-13,Social Media Marketing,IEC - International Education Centers GmbH,1,5.0,14,0,4355
2026-07-13,Social Media Marketing,Lernen fördern e. V.,1,5.0,15,0,4355
2026-07-13,Social Media Marketing,Lernstudio Barbarossa/MegaKids Fortbildungs GmbH,1,5.0,16,0,4355
2026-07-13,Social Media Marketing,Lecturio GmbH,1,5.0,17,0,4355
2026-07-13,Social Media Marketing,Volkshochschule Offenburg e. V.,1,5.0,18,0,4355
2026-07-13,Social Media Marketing,Bildungswerk der Hessischen Wirtschaft e. V.,1,5.0,19,0,4355
2026-07-13,Social Media Marketing,SWA Bildungsakademie GmbH,1,5.0,20,0,4355
2026-07-13,Strategisches Online Marketing,SMD Performance Media,6,30.0,4,0,1745
2026-07-13,Strategisches Online Marketing,Masters of Digital GmbH,4,20.0,13,0,1745
2026-07-13,Strategisches Online Marketing,OneCareer,3,15.0,1,0,1745
2026-07-13,Strategisches Online Marketing,Karriere Tutor GmbH,2,10.0,3,0,1745
2026-07-13,Strategisches Online Marketing,Bildung Next Level GmbH,1,5.0,2,0,1745
2026-07-13,Strategisches Online Marketing,neuefische GmbH,1,5.0,12,0,1745
2026-07-13,Strategisches Online Marketing,mycareernow,1,5.0,14,0,1745
2026-07-13,Strategisches Online Marketing,OMR Education GmbH,1,5.0,16,0,1745
2026-07-13,Strategisches Online Marketing,Talentspring Academy Group,1,5.0,19,0,1745
2026-07-13,Social Media Kurs,OneCareer,8,40.0,2,0,2807
2026-07-13,Social Media Kurs,Karriere Tutor GmbH,3,15.0,4,0,2807
2026-07-13,Social Media Kurs,Masters of Digital GmbH,2,10.0,3,0,2807
2026-07-13,Social Media Kurs,GrandEdu GmbH,2,10.0,6,0,2807
2026-07-13,Social Media Kurs,Learnix GmbH,1,5.0,1,0,2807
2026-07-13,Social Media Kurs,IU Akademie IU Internationale Hochschule,1,5.0,5,0,2807
2026-07-13,Social Media Kurs,Akademie Überlingen,1,5.0,9,0,2807
2026-07-13,Social Media Kurs,GFN GmbH,1,5.0,14,0,2807
2026-07-13,Social Media Kurs,IBB Institut für Berufliche Bildung AG,1,5.0,17,0,2807
2026-07-13,Suchmaschinenmarketing,OneCareer,4,20.0,6,0,902
2026-07-13,Suchmaschinenmarketing,Learning Digital Academy GmbH,3,15.0,2,0,902
2026-07-13,Suchmaschinenmarketing,Karriere Tutor GmbH,2,10.0,4,0,902
2026-07-13,Suchmaschinenmarketing,GFN GmbH,1,5.0,1,0,902
2026-07-13,Suchmaschinenmarketing,Berufliche Fortbildungszentren der Bayerischen Wirtschaft (bfz) gGmbH,1,5.0,8,0,902
2026-07-13,Suchmaschinenmarketing,Prisma Bildungsplattform e. V.,1,5.0,9,0,902
2026-07-13,Suchmaschinenmarketing,Lecturio GmbH,1,5.0,11,0,902
2026-07-13,Suchmaschinenmarketing,TERTIA Berufsförderung GmbH & Co. KG,1,5.0,12,0,902
2026-07-13,Suchmaschinenmarketing,Berger Bildungsinstitut GmbH,1,5.0,13,0,902
2026-07-13,Suchmaschinenmarketing,IBB Institut für Berufliche Bildung AG,1,5.0,16,0,902
2026-07-13,Suchmaschinenmarketing,Bildungsinsel GmbH,1,5.0,17,0,902
2026-07-13,Suchmaschinenmarketing,NH Schulungscenter für IT und Business GmbH,1,5.0,18,0,902
2026-07-13,Suchmaschinenmarketing,"Sprachwerkstatt Privates Institut für Kommunikation, Wirtschaft und Sprache GmbH",1,5.0,19,0,902
2026-07-13,Suchmaschinenmarketing,Fortbildungsakademie der Wirtschaft (FAW) gGmbH,1,5.0,20,0,902
2026-07-13,Suchmaschinenmarketing und Google Ads,Masters of Digital GmbH,6,30.0,4,0,320
2026-07-13,Suchmaschinenmarketing und Google Ads,OneCareer,5,25.0,2,0,320
2026-07-13,Suchmaschinenmarketing und Google Ads,neuefische GmbH,2,10.0,1,0,320
2026-07-13,Suchmaschinenmarketing und Google Ads,Learning Digital Academy GmbH,2,10.0,11,0,320
2026-07-13,Suchmaschinenmarketing und Google Ads,GrandEdu GmbH,2,10.0,17,0,320
2026-07-13,Suchmaschinenmarketing und Google Ads,SMD Performance Media,1,5.0,9,0,320
2026-07-13,Suchmaschinenmarketing und Google Ads,mycareernow,1,5.0,16,0,320
2026-07-13,Suchmaschinenmarketing und Google Ads,Talentspring Academy Group,1,5.0,19,0,320
2026-07-13,Suchmaschinenoptimierung,OneCareer,5,25.0,5,0,1476
2026-07-13,Suchmaschinenoptimierung,Learning Digital Academy GmbH,2,10.0,2,0,1476
2026-07-13,Suchmaschinenoptimierung,Talentspring Academy Group,2,10.0,4,0,1476
2026-07-13,Suchmaschinenoptimierung,velpTEC GmbH,2,10.0,11,0,1476
2026-07-13,Suchmaschinenoptimierung,Karriere Tutor GmbH,1,5.0,1,0,1476
2026-07-13,Suchmaschinenoptimierung,GrandEdu GmbH,1,5.0,7,0,1476
2026-07-13,Suchmaschinenoptimierung,IBB Institut für Berufliche Bildung AG,1,5.0,10,0,1476
2026-07-13,Suchmaschinenoptimierung,Berger Bildungsinstitut GmbH,1,5.0,12,0,1476
2026-07-13,Suchmaschinenoptimierung,Fortbildungsakademie der Wirtschaft (FAW) gGmbH,1,5.0,13,0,1476
2026-07-13,Suchmaschinenoptimierung,Prisma Bildungsplattform e. V.,1,5.0,14,0,1476
2026-07-13,Suchmaschinenoptimierung,Lecturio GmbH,1,5.0,15,0,1476
2026-07-13,Suchmaschinenoptimierung,Berufliche Fortbildungszentren der Bayerischen Wirtschaft (bfz) gGmbH,1,5.0,17,0,1476
2026-07-13,Suchmaschinenoptimierung,Bildungsinsel GmbH,1,5.0,20,0,1476
2026-07-13,Suchmaschinenwerbung,OneCareer,7,35.0,1,0,425
2026-07-13,Suchmaschinenwerbung,velpTEC GmbH,4,20.0,3,0,425
2026-07-13,Suchmaschinenwerbung,mycareernow,3,15.0,2,0,425
2026-07-13,Suchmaschinenwerbung,Masters of Digital GmbH,3,15.0,9,0,425
2026-07-13,Suchmaschinenwerbung,cimdata Bildungsakademie GmbH,1,5.0,7,0,425
2026-07-13,Suchmaschinenwerbung,Digiteach GmbH,1,5.0,13,0,425
2026-07-13,Suchmaschinenwerbung,GrandEdu GmbH,1,5.0,14,0,425
2026-07-13,Texterstellung mit KI,A-Leecon GmbH,18,90.0,1,0,240
2026-07-13,Texterstellung mit KI,WBS TRAINING SE,1,5.0,12,0,240
2026-07-13,Texterstellung mit KI,Karriere Tutor GmbH,1,5.0,14,0,240
2026-07-13,Videos bearbeiten,future Training & Consulting GmbH,2,10.0,1,0,277
2026-07-13,Videos bearbeiten,bfz gGmbH Berufliche Fortbildu der Bayerischen Wirtschaft,2,10.0,3,0,277
2026-07-13,Videos bearbeiten,Bildungswerk der Niedersächsischen Wirtschaft,2,10.0,4,0,277
2026-07-13,Videos bearbeiten,bbw Akademie für betriebswirtschaftliche Weiterbildung GmbH,2,10.0,6,0,277
2026-07-13,Videos bearbeiten,faw gGmbH Die Fortbildungsakademie der Wirtschaft gGmbH,2,10.0,8,0,277
2026-07-13,Videos bearbeiten,Bildungswerk der Thüringer Wirtschaft e.V,2,10.0,11,0,277
2026-07-13,Videos bearbeiten,COMCAVE.COLLEGE GmbH,1,5.0,2,0,277
2026-07-13,Videos bearbeiten,ecomex GmbH & Co. KG,1,5.0,5,1,277
2026-07-13,Videos bearbeiten,Akademie Überlingen,1,5.0,7,0,277
2026-07-13,Videos bearbeiten,Education partners GmbH,1,5.0,12,0,277
2026-07-13,Videos bearbeiten,IBB Institut für Berufliche Bildung AG,1,5.0,13,0,277
2026-07-13,Videos bearbeiten,"BAW Schule (AFWA-Akademie) Akademie für Wirtschaft, EDV und Sprachen",1,5.0,16,0,277
2026-07-13,Videos bearbeiten,WBS TRAINING SE,1,5.0,17,0,277
2026-07-13,Videos bearbeiten,GFN GmbH,1,5.0,19,0,277
2026-07-13,Webdesign Kurs,OneCareer,4,20.0,6,0,2349
2026-07-13,Webdesign Kurs,Syntax GmbH für Aus- und Weiterbildung,2,10.0,1,0,2349
2026-07-13,Webdesign Kurs,FiGD Akademie für Medienentwicklung,2,10.0,4,0,2349
2026-07-13,Webdesign Kurs,Karriere Tutor GmbH,2,10.0,7,0,2349
2026-07-13,Webdesign Kurs,alfatraining Bildungszentrum GmbH,2,10.0,12,0,2349
2026-07-13,Webdesign Kurs,Bildung First GmbH,2,10.0,14,0,2349
2026-07-13,Webdesign Kurs,ecomex GmbH & Co. KG,1,5.0,3,1,2349
2026-07-13,Webdesign Kurs,GFN GmbH,1,5.0,5,0,2349
2026-07-13,Webdesign Kurs,neuefische GmbH,1,5.0,8,0,2349
2026-07-13,Webdesign Kurs,cimdata Bildungsakademie GmbH,1,5.0,10,0,2349
2026-07-13,Webdesign Kurs,Berufliche Fortbildungszentren der Bayerischen Wirtschaft (bfz) gGmbH,1,5.0,11,0,2349
2026-07-13,Webdesign Kurs,HSB Akademie GmbH,1,5.0,15,0,2349
2026-07-13,Weiterbildung Digital Marketing,OMR Education GmbH,5,25.0,2,0,4436
2026-07-13,Weiterbildung Digital Marketing,Masters of Digital GmbH,4,20.0,9,0,4436
2026-07-13,Weiterbildung Digital Marketing,neuefische GmbH,3,15.0,1,0,4436
2026-07-13,Weiterbildung Digital Marketing,WBK Akademie GmbH,2,10.0,14,0,4436
2026-07-13,Weiterbildung Digital Marketing,mycareernow,1,5.0,3,0,4436
2026-07-13,Weiterbildung Digital Marketing,Learnix GmbH,1,5.0,4,0,4436
2026-07-13,Weiterbildung Digital Marketing,Talentivo GmbH,1,5.0,6,0,4436
2026-07-13,Weiterbildung Digital Marketing,Stapelfux Akademie,1,5.0,7,0,4436
2026-07-13,Weiterbildung Digital Marketing,ecomex GmbH & Co. KG,1,5.0,11,1,4436
2026-07-13,Weiterbildung Digital Marketing,OneCareer,1,5.0,19,0,4436
2026-07-13,Weiterbildung im E-Commerce,ecomex GmbH & Co. KG,1,5.0,1,1,1405
2026-07-13,Weiterbildung im E-Commerce,WBS TRAINING SE,1,5.0,2,0,1405
2026-07-13,Weiterbildung im E-Commerce,Bildungswerk der nordhessischen Wirtschaft gemeinnützige GmbH,1,5.0,3,0,1405
2026-07-13,Weiterbildung im E-Commerce,SWA Bildungsakademie GmbH,1,5.0,4,0,1405
2026-07-13,Weiterbildung im E-Commerce,Berufliche Fortbildungszentren der Bayerischen Wirtschaft (bfz) gGmbH,1,5.0,5,0,1405
2026-07-13,Weiterbildung im E-Commerce,Fortbildungsakademie der Wirtschaft (FAW) gGmbH,1,5.0,6,0,1405
2026-07-13,Weiterbildung im E-Commerce,IBB Institut für Berufliche Bildung AG,1,5.0,7,0,1405
2026-07-13,Weiterbildung im E-Commerce,Donner + Partner GmbH Baden-Württemberg,1,5.0,8,0,1405
2026-07-13,Weiterbildung im E-Commerce,Stiftung Lernen-Fördern-Arbeiten (LFA),1,5.0,9,0,1405
2026-07-13,Weiterbildung im E-Commerce,TÜV Rheinland Akademie GmbH,1,5.0,10,0,1405
2026-07-13,Weiterbildung im E-Commerce,Lecturio GmbH,1,5.0,11,0,1405
2026-07-13,Weiterbildung im E-Commerce,Berger Bildungsinstitut GmbH,1,5.0,12,0,1405
2026-07-13,Weiterbildung im E-Commerce,Bildungswerk der Hessischen Wirtschaft e. V.,1,5.0,13,0,1405
2026-07-13,Weiterbildung im E-Commerce,BVH Gesellschaft für angewandte Bildung und Sozialforschung mbH,1,5.0,14,0,1405
2026-07-13,Weiterbildung im E-Commerce,Do IT Digital GmbH,1,5.0,15,0,1405
2026-07-13,Weiterbildung im E-Commerce,NH Schulungscenter für IT und Business GmbH,1,5.0,16,0,1405
2026-07-13,Weiterbildung im E-Commerce,IFP Gesellschaft für Fortbildung und Personalentwicklung mbH,1,5.0,17,0,1405
2026-07-13,Weiterbildung im E-Commerce,Akademie Handel e.V.,1,5.0,18,0,1405
2026-07-13,Weiterbildung im E-Commerce,IEC - International Education Centers GmbH,1,5.0,19,0,1405
2026-07-13,Weiterbildung im E-Commerce,TEACH GmbH & Co. KG,1,5.0,20,0,1405
2026-07-13,Weiterbildung KI,neuefische GmbH,3,15.0,2,0,10000
2026-07-13,Weiterbildung KI,Smart Future Campus GmbH,3,15.0,4,0,10000
2026-07-13,Weiterbildung KI,Nexa Consulting GmbH,2,10.0,11,0,10000
2026-07-13,Weiterbildung KI,mycareernow,2,10.0,13,0,10000
2026-07-13,Weiterbildung KI,ImpaQt Education Group,1,5.0,1,0,10000
2026-07-13,Weiterbildung KI,JobCoaching - Institut für Persönlichkeitsentwicklung,1,5.0,3,0,10000
2026-07-13,Weiterbildung KI,Berger Bildungsinstitut GmbH,1,5.0,6,0,10000
2026-07-13,Weiterbildung KI,ecomex GmbH & Co. KG,1,5.0,7,1,10000
2026-07-13,Weiterbildung KI,Skilldrops GmbH,1,5.0,8,0,10000
2026-07-13,Weiterbildung KI,A-Leecon GmbH,1,5.0,9,0,10000
2026-07-13,Weiterbildung KI,Leecon TS GmbH,1,5.0,12,0,10000
2026-07-13,Weiterbildung KI,Bildung First GmbH,1,5.0,15,0,10000
2026-07-13,Weiterbildung KI,GFN GmbH,1,5.0,17,0,10000
2026-07-13,Weiterbildung KI,Learnix GmbH,1,5.0,18,0,10000
2026-07-13,Weiterbildung Marketing,OMR Education GmbH,4,20.0,3,0,8173
2026-07-13,Weiterbildung Marketing,Masters of Digital GmbH,4,20.0,6,0,8173
2026-07-13,Weiterbildung Marketing,WBK Akademie GmbH,4,20.0,10,0,8173
2026-07-13,Weiterbildung Marketing,neuefische GmbH,3,15.0,1,0,8173
2026-07-13,Weiterbildung Marketing,ecomex GmbH & Co. KG,1,5.0,7,1,8173
2026-07-13,Weiterbildung Marketing,mycareernow,1,5.0,14,0,8173
2026-07-13,Weiterbildung Marketing,OneCareer,1,5.0,16,0,8173
2026-07-13,Weiterbildung Marketing,Learnix GmbH,1,5.0,17,0,8173
2026-07-13,Weiterbildung Marketing,Webmasters Akademie Nürnberg GmbH,1,5.0,18,0,8173
2026-07-13,Weiterbildung Suchmaschinenmarketing,Karriere Tutor GmbH,7,35.0,6,0,666
2026-07-13,Weiterbildung Suchmaschinenmarketing,Learning Digital Academy GmbH,3,15.0,2,0,666
2026-07-13,Weiterbildung Suchmaschinenmarketing,OneCareer,2,10.0,5,0,666
2026-07-13,Weiterbildung Suchmaschinenmarketing,Masters of Digital GmbH,2,10.0,10,0,666
2026-07-13,Weiterbildung Suchmaschinenmarketing,neuefische GmbH,1,5.0,1,0,666
2026-07-13,Weiterbildung Suchmaschinenmarketing,GFN GmbH,1,5.0,3,0,666
2026-07-13,Weiterbildung Suchmaschinenmarketing,IU Akademie IU Internationale Hochschule,1,5.0,11,0,666
2026-07-13,Weiterbildung Suchmaschinenmarketing,Distart Education GmbH,1,5.0,16,0,666
2026-07-13,Weiterbildung Suchmaschinenmarketing,velpTEC GmbH,1,5.0,17,0,666
2026-07-13,Weiterbildung Suchmaschinenmarketing,mycareernow,1,5.0,20,0,666
2026-07-13,WordPress,Karriere Tutor GmbH,5,25.0,1,0,1082
2026-07-13,WordPress,future Training & Consulting GmbH,3,15.0,2,0,1082
2026-07-13,WordPress,velpTEC GmbH,3,15.0,4,0,1082
2026-07-13,WordPress,Masters of Digital GmbH,2,10.0,7,0,1082
2026-07-13,WordPress,Talentspring Academy Group,1,5.0,3,0,1082
2026-07-13,WordPress,HECKER CONSULTING,1,5.0,8,0,1082
2026-07-13,WordPress,Wildner Akademie für Digitale Wirtschaft & Management,1,5.0,9,0,1082
2026-07-13,WordPress,Bildung Next Level GmbH,1,5.0,11,0,1082
2026-07-13,WordPress,WBS TRAINING SE,1,5.0,16,0,1082
2026-07-13,WordPress,cimdata Bildungsakademie GmbH,1,5.0,17,0,1082
2026-07-13,WordPress,Learning Digital Academy GmbH,1,5.0,19,0,1082
2026-07-13,Wordpress Kurs,Karriere Tutor GmbH,5,25.0,1,0,441
2026-07-13,Wordpress Kurs,Bildung Next Level GmbH,3,15.0,3,0,441
2026-07-13,Wordpress Kurs,Talentspring Academy Group,1,5.0,2,0,441
2026-07-13,Wordpress Kurs,future Training & Consulting GmbH,1,5.0,4,0,441
2026-07-13,Wordpress Kurs,Learning Digital Academy GmbH,1,5.0,5,0,441
2026-07-13,Wordpress Kurs,ecomex GmbH & Co. KG,1,5.0,7,1,441
2026-07-13,Wordpress Kurs,OneCareer,1,5.0,11,0,441
2026-07-13,Wordpress Kurs,Lernstudio Barbarossa/MegaKids Fortbildungs GmbH,1,5.0,13,0,441
2026-07-13,Wordpress Kurs,Fortbildungsakademie der Wirtschaft (FAW) gGmbH,1,5.0,14,0,441
2026-07-13,Wordpress Kurs,Kolping Akademie Bamberg,1,5.0,16,0,441
2026-07-13,Wordpress Kurs,GAG Klausdorf gGmbH,1,5.0,17,0,441
2026-07-13,Wordpress Kurs,cimdata Bildungsakademie GmbH,1,5.0,18,0,441
2026-07-13,Wordpress Kurs,Berger Bildungsinstitut GmbH,1,5.0,19,0,441
2026-07-13,Wordpress Kurs,Lecturio GmbH,1,5.0,20,0,441
2026-07-13,Wordpress Lernen,Karriere Tutor GmbH,10,50.0,1,0,296
2026-07-13,Wordpress Lernen,future Training & Consulting GmbH,2,10.0,3,0,296
2026-07-13,Wordpress Lernen,Masters of Digital GmbH,1,5.0,5,0,296
2026-07-13,Wordpress Lernen,Learning Digital Academy GmbH,1,5.0,7,0,296
2026-07-13,Wordpress Lernen,ecomex GmbH & Co. KG,1,5.0,9,1,296
2026-07-13,Wordpress Lernen,IBB Institut für Berufliche Bildung AG,1,5.0,13,0,296
2026-07-13,Wordpress Lernen,alfatraining Bildungszentrum GmbH,1,5.0,15,0,296
2026-07-13,Wordpress Lernen,mycareernow,1,5.0,17,0,296
2026-07-13,Wordpress Lernen,Berger Bildungsinstitut GmbH,1,5.0,18,0,296
2026-07-13,Wordpress Lernen,Lecturio GmbH,1,5.0,19,0,296
2026-07-13,Vibe Coding,Digitale Leute School,16,80.0,1,0,140
2026-07-13,Vibe Coding,velpTEC GmbH,3,15.0,4,0,140
2026-07-13,Vibe Coding,A-Leecon GmbH,1,5.0,12,0,140
2026-07-13,KI-Agenten,A-Leecon GmbH,5,25.0,8,0,964
2026-07-13,KI-Agenten,Masters of Digital GmbH,3,15.0,2,0,964
2026-07-13,KI-Agenten,Bold Academy GmbH,3,15.0,5,0,964
2026-07-13,KI-Agenten,Smart Future Campus GmbH,2,10.0,1,0,964
2026-07-13,KI-Agenten,MSIT Master School Institute of Technology,2,10.0,4,0,964
2026-07-13,KI-Agenten,Learnix GmbH,2,10.0,10,0,964
2026-07-13,KI-Agenten,velpTEC GmbH,1,5.0,7,0,964
2026-07-13,KI-Agenten,Talentspring Academy Group,1,5.0,11,0,964
2026-07-13,KI-Agenten,Digitale Leute School,1,5.0,18,0,964
2026-07-13,Chat GPT,brainymotion,13,65.0,8,0,128
2026-07-13,Chat GPT,StackFuel GmbH,4,20.0,1,0,128
2026-07-13,Chat GPT,New Horizons Akademie,1,5.0,5,0,128
2026-07-13,Chat GPT,brainymotion München,1,5.0,6,0,128
2026-07-13,Chat GPT,New Horizons Nord,1,5.0,7,0,128
2026-07-13,Co-Pilot,A-Leecon GmbH,11,55.0,7,0,44
2026-07-13,Co-Pilot,Learning Digital Academy GmbH,6,30.0,1,0,44
2026-07-13,Co-Pilot,StackFuel GmbH,1,5.0,6,0,44
2026-07-13,Co-Pilot,cimdata Bildungsakademie GmbH,1,5.0,8,0,44
2026-07-13,Co-Pilot,Technische Akademie Esslingen - TAE,1,5.0,10,0,44
2026-07-13,Online Marketing mit KI,SMD Performance Media,7,35.0,2,0,2112
2026-07-13,Online Marketing mit KI,Learning Digital Academy GmbH,2,10.0,1,0,2112
2026-07-13,Online Marketing mit KI,Masters of Digital GmbH,2,10.0,7,0,2112
2026-07-13,Online Marketing mit KI,neuefische GmbH,2,10.0,8,0,2112
2026-07-13,Online Marketing mit KI,COMCAVE.COLLEGE GmbH,1,5.0,3,0,2112
2026-07-13,Online Marketing mit KI,Bold Academy GmbH,1,5.0,6,0,2112
2026-07-13,Online Marketing mit KI,LVQ Weiterbildung und Beratung GmbH,1,5.0,12,0,2112
2026-07-13,Online Marketing mit KI,ecomex GmbH & Co. KG,1,5.0,13,1,2112
2026-07-13,Online Marketing mit KI,Distart Education GmbH,1,5.0,14,0,2112
2026-07-13,Online Marketing mit KI,OneCareer,1,5.0,17,0,2112
2026-07-13,Online Marketing mit KI,cimdata Bildungsakademie GmbH,1,5.0,18,0,2112
2026-07-13,KI im Online Marketing,SMD Performance Media,7,35.0,2,0,2112
2026-07-13,KI im Online Marketing,Learning Digital Academy GmbH,2,10.0,1,0,2112
2026-07-13,KI im Online Marketing,Masters of Digital GmbH,2,10.0,7,0,2112
2026-07-13,KI im Online Marketing,neuefische GmbH,2,10.0,8,0,2112
2026-07-13,KI im Online Marketing,COMCAVE.COLLEGE GmbH,1,5.0,3,0,2112
2026-07-13,KI im Online Marketing,Bold Academy GmbH,1,5.0,6,0,2112
2026-07-13,KI im Online Marketing,LVQ Weiterbildung und Beratung GmbH,1,5.0,12,0,2112
2026-07-13,KI im Online Marketing,ecomex GmbH & Co. KG,1,5.0,13,1,2112
2026-07-13,KI im Online Marketing,Distart Education GmbH,1,5.0,14,0,2112
2026-07-13,KI im Online Marketing,OneCareer,1,5.0,17,0,2112
2026-07-13,KI im Online Marketing,cimdata Bildungsakademie GmbH,1,5.0,18,0,2112
2026-07-13,Content erstellen mit KI,cimdata Bildungsakademie GmbH,6,30.0,6,0,970
2026-07-13,Content erstellen mit KI,A-Leecon GmbH,4,20.0,1,0,970
2026-07-13,Content erstellen mit KI,Masters of Digital GmbH,3,15.0,2,0,970
2026-07-13,Content erstellen mit KI,velpTEC GmbH,2,10.0,13,0,970
2026-07-13,Content erstellen mit KI,Karriere Tutor GmbH,1,5.0,3,0,970
2026-07-13,Content erstellen mit KI,WBS TRAINING SE,1,5.0,5,0,970
2026-07-13,Content erstellen mit KI,Bildung Next Level GmbH,1,5.0,8,0,970
2026-07-13,Content erstellen mit KI,DCI Digital Career Institute GmbH,1,5.0,17,0,970
2026-07-13,Content erstellen mit KI,New Horizons München - IT Computer und BusinessTraining Trainings,1,5.0,18,0,970
